url,product_name,current_price,original_price,discount,rating,review_count,colors,sizes,description,features,image_urls
https://www.jcpenney.com/p/xersion-womens-cotton-crew-neck-short-sleeve-t-shirt-plus/ppr5008623590?pTmplType=regular&searchTerm=tshirt,Xersion Womens Cotton Crew Neck Short Sleeve T-Shirt Plus,12.99,25.0,48.0,4.5833,12,"Cherry Blossom , Xenon Blue , Med Hthr Gray , Black , Pastel Purple , White , Evergreen , Moonlight","4x , 3x , 5x , 0x , 2x , 1x","The Xersion women’s cotton crew-neck short-sleeve t-shirt delivers everyday comfort with breathable softness. It features a classic crew neckline and relaxed fit for easy movement. Pair this lightweight tee with joggers or leggings for a simple, sporty look that keeps you comfortable all day.","2nd Piece Sleeve Length: Short Sleeves | Features: Essentials | Closure Type: Pullover Head | Fit: Loose Fit | Neckline: Crew Neck | Sleeve Length: Short Sleeve | Apparel Length: 28 Inches - Back, 27 Inches - Front | Fiber Content: 60% Cotton, 40% Repreve Recycled Polyester | Fabric Description: Jersey | Care: Tumble Dry, Machine Wash | Country of Origin: Imported",https://jcpenney.scene7.com/is/image/JCPenney/DP1203202509215758M | https://jcpenney.scene7.com/is/image/JCPenney/DP1203202509215654M | https://jcpenney.scene7.com/is/image/JCPenney/DP1203202509215863M
https://www.jcpenney.com/p/adidas-mens-crew-neck-short-sleeve-active-big-and-tall-t-shirt/ppr5008448258?pTmplType=regular&searchTerm=tshirt,adidas Mens Crew Neck Short Sleeve Active Big and Tall T-Shirt,20.0,25.0,20.0,4.8667,15,"Pure Ruby Black , White Black , Black White , Tm Royal Blue Blk","medium tall , large tall , 2x-large tall , 4x-large tall , 3x-large tall , 4x-large , x-large tall , 3x-large","This essentials collection seamlessly transcends age, ethnicity, and gender boundaries, embodying the brand's commitment to inclusivity and style for all. Designed with an entry-level pricing strategy, essentials ensures accessibility without compromising on quality, making it not only inclusive across demographics but also affordable for everyone who appreciates the brand's ethos.","Closure Type: Pullover Head | Fit: Regular Fit | Neckline: Crew Neck | Sleeve Length: Short Sleeve | Apparel Length: 31 Inches | Fiber Content: 100% Cotton | Fabric Description: Jersey | Care: Machine Wash, Tumble Dry | Material: Cotton | Country of Origin: Imported",https://jcpenney.scene7.com/is/image/JCPenney/DP0326202509024945M | https://jcpenney.scene7.com/is/image/JCPenney/DP0326202509024529M | https://jcpenney.scene7.com/is/image/JCPenney/DP0204202507070073M | https://jcpenney.scene7.com/is/image/JCPenney/DP0326202509024737M | https://jcpenney.scene7.com/is/image/JCPenney/DP0204202507070682M
https://www.jcpenney.com/p/alfred-dunner-womens-crew-neck-short-sleeve-t-shirt/ppr5008594453?pTmplType=regular&searchTerm=tshirt,Alfred Dunner Womens Crew Neck Short Sleeve T-Shirt,44.62,59.5,25%,,,Pink Multi,"petite medium , large , petite small , petite large , x-large , small , petite x-large , medium","This Alfred Dunner women's plus t-shirt features a tropical leaf pattern for a summer or vacation style statement. Made from soft stretch-knit, this pullover tee has a crew neck, a tie at the side and short sleeves. Wear it with pants or jeans.","Closure Type: Pullover Head | Fit: Regular Fit | Neckline: Crew Neck | Sleeve Length: Short Sleeve | Apparel Length: 24.5 Inches | Fiber Content: 70% Polyester, 30% Rayon | Care: Tumble Dry, Machine Wash | Country of Origin: Imported",https://jcpenney.scene7.com/is/image/JCPenney/DP0130202607183515M | https://jcpenney.scene7.com/is/image/JCPenney/DP0130202607183306M | https://jcpenney.scene7.com/is/image/JCPenney/DP0130202607183201M | https://jcpenney.scene7.com/is/image/JCPenney/DP0130202607183410M
https://www.jcpenney.com/p/alfred-dunner-crowd-pleaser-womens-crew-neck-short-sleeve-t-shirt/ppr5008594400?pTmplType=regular&searchTerm=tshirt,Alfred Dunner Crowd Pleaser Womens Crew Neck Short Sleeve T-Shirt,44.62,59.5,25%,5.0,1,White,"petite medium , large , petite small , petite large , x-large , small , petite x-large , medium","This Alfred Dunner women's t-shirt is an elegant boho inspired style for warm weather. Made from a cotton blend, this short-sleeve tee has a removable necklace, a beautiful black embroidered pattern and scalloped trims. Wear it with capris or jeans.","Fit: Regular Fit | Neckline: Crew Neck | Sleeve Length: Short Sleeve | Apparel Length: 24.5 Inches | Fiber Content: 60% Cotton, 40% Polyester | Fabric Description: Knit | Care: Machine Wash, Tumble Dry | Country of Origin: Imported",https://jcpenney.scene7.com/is/image/JCPenney/DP0313202613150526M | https://jcpenney.scene7.com/is/image/JCPenney/DP0313202613150630M | https://jcpenney.scene7.com/is/image/JCPenney/DP0313202613150945M | https://jcpenney.scene7.com/is/image/JCPenney/DP0313202613150735M
https://www.jcpenney.com/p/st-johns-bay-womens-easy-on-easy-off-boat-neck-short-sleeve-adaptive-t-shirt/ppr5008584253?pTmplType=regular&searchTerm=tshirt,St. John's Bay Womens Easy-on + Easy-off Boat Neck Short Sleeve Adaptive T-Shirt,12.99,28.0,53.0,5.0,2,"Black , White , Alaskan Blue , Tropical Orchid , Rose Valley , Rose Garden","large , x-small , xx-large , x-large , small , medium","Switch up your essentials with this adaptive women's St. John's Bay t-shirt fitted a wide bateau neckline for easy-on-and-off wear and three-quarter sleeves. Plus, the cotton-jersey fabric and tag-free design supports sensory issues for comfortable, every day wear.","Features: Adaptive | Closure Type: Pullover Head | Fit: Regular Fit | Neckline: Boat Neck | Sleeve Length: Short Sleeve | Apparel Length: 26 Inches - Front | Fiber Content: 100% Cotton | Fabric Description: Knit | Care: Machine Wash, Tumble Dry | Certifications And Listings: Oeko-Tex Standard 100 | Adaptive Features: Wide Neck, Flat Seams, Tag Free | Material: Cotton | Oeko-Tex Standard 100 Label: Kl020 178692 | Oeko-Tex Standard 100 Test Institute: Testex | Country of Origin: Imported",https://jcpenney.scene7.com/is/image/JCPenney/DP0204202607162601M | https://jcpenney.scene7.com/is/image/JCPenney/DP1030202509072229M | https://jcpenney.scene7.com/is/image/JCPenney/DP1029202509025989M | https://jcpenney.scene7.com/is/image/JCPenney/DP1029202509031241M | https://jcpenney.scene7.com/is/image/JCPenney/DP1029202509030616M
https://www.jcpenney.com/p/st-johns-bay-womens-tall-v-neck-short-sleeve-t-shirt/ppr5008551876?pTmplType=regular&searchTerm=tshirt,St. John's Bay Womens Tall V Neck Short Sleeve T-Shirt,7.99,20.0,60.0,5.0,2,"Bold Blue , American Navy , Green Splash , Vibrant Green , Black , Strawberry Freeze , White , Peach Cobbler , Cabaret Red , Alaskan Blue , Oregano , Limelight , Innocent Pink , Rose Garden","medium tall , large tall , x-small tall , small tall , xx-large tall , x-large tall","This St. John's Bay women's tall t-shirt serves as a functional and crisp essential for your weekly lineup. It incorporates a V-neckline, short sleeves, and a pullover design to ensure a comfortable fit. Wear with jeans, trousers, or shorts.","2nd Piece Closure Type: Pullover Head | Features: Essentials | Closure Type: Pullover Head | Fit: Regular Fit | Neckline: V Neck | Sleeve Length: Short Sleeve | Sleeve Style: Cap Sleeve | Apparel Length: 27.5 Inches | Fiber Content: 100% Cotton | Fabric Description: Rib Knit | Filling Content: 100% Cotton | Care: Machine Wash, Tumble Dry | Certifications And Listings: Oeko-Tex Standard 100 | Material: Cotton | Oeko-Tex Standard 100 Label: Kl020 175227 | Oeko-Tex Standard 100 Test Institute: Testex Ag | Country of Origin: Imported",https://jcpenney.scene7.com/is/image/JCPenney/DP0902202515004906M | https://jcpenney.scene7.com/is/image/JCPenney/DP0721202509052125M | https://jcpenney.scene7.com/is/image/JCPenney/DP0902202515005325M | https://jcpenney.scene7.com/is/image/JCPenney/DP0721202509051917M | https://jcpenney.scene7.com/is/image/JCPenney/DP0902202515005743M
https://www.jcpenney.com/p/arizona-mens-crew-neck-short-sleeve-t-shirt/ppr5008637793?pTmplType=regular&searchTerm=tshirt,Arizona Mens Crew Neck Short Sleeve T-Shirt,5.99,12.0,50.0,4.6721,61,"Bering Sea , Lichen Green , Papaya Punch , Stone Boulder , Brick Dust Htr , Azure Blue , Sterling Aqua , Northatlantic Teal","large , xx-large , x-large , small , medium","Safely designed from cotton-knit with REPREVE recycled fabric, this men's pullover t-shirt from Arizona Jeans Co. has a classic crew neck and short sleeves. Pair this essential with everything from jeans to a blazer and tailored pants.","Closure Type: Pullover Head | Fit: Regular Fit | Neckline: Crew Neck | Sleeve Length: Short Sleeve | Apparel Length: 28.5 Inches | Fiber Content: 60% Cotton, 40% Repreve Recycled Polyester | Fabric Description: Jersey | Care: Machine Wash, Tumble Dry | Material: Cotton Blend | Country of Origin: Imported",https://jcpenney.scene7.com/is/image/JCPenney/DP0107202611030119M | https://jcpenney.scene7.com/is/image/JCPenney/DP0107202611030223M | https://jcpenney.scene7.com/is/image/JCPenney/DP0107202611030326M
https://www.jcpenney.com/p/st-johns-bay-womens-plus-crew-neck-short-sleeve-regular-fit-graphic-t-shirt/ppr5008584255?pTmplType=regular&searchTerm=tshirt,St. John's Bay Womens Plus Crew Neck Short Sleeve Regular Fit Graphic T-Shirt,12.99,26.0,50.0,4.6364,11,"Flag , Strawberry Fields , Turtle , Coast To Coast , Pink Cherries , Beach Club , Limone , Green Stripe , Pink Heart , Navy Stripe , By The Sea","4x , 3x , 5x , 0x , 2x , 1x","Refresh your casual wardrobe with the St. John’s Bay women’s plus t-shirt, made from cotton-blend jersey fabric. Featuring a crew neckline and short, fitted sleeves, this pullover tee pairs seamlessly with jeans, shorts, or skirts for effortless daily outfits.","Closure Type: Pullover Head | Fit: Regular Fit | Neckline: Crew Neck | Sleeve Length: Short Sleeve | Sleeve Style: Cap Sleeve | Apparel Length: 28 Inches - Front | Fiber Content: 60% Cotton, 40% Polyester | Fabric Description: Jersey, Knit | Care: Machine Wash, Tumble Dry | Material: Cotton Blend | Country of Origin: Imported",https://jcpenney.scene7.com/is/image/JCPenney/DP1103202511475001M | https://jcpenney.scene7.com/is/image/JCPenney/DP1103202511475838M | https://jcpenney.scene7.com/is/image/JCPenney/DP1103202511480684M
https://www.jcpenney.com/p/xersion-xtreme-mens-crew-neck-short-sleeve-quick-dry-active-t-shirt/ppr5008571259?pTmplType=regular&searchTerm=tshirt,Xersion Xtreme Mens Crew Neck Short Sleeve Quick Dry Active T-Shirt,4.19,14.0,70.0,4.6594,552,"Brick Dust , Brazilian Sand","large , xx-large , x-large , small , medium","Add comfort to your casual essentials with this Xersion Xtreme men's active t-shirt. Made from breathable cotton-jersey with quick-dry and moisture-wicking properties to keep you cool, it has a classic crew neck and short sleeves.","Features: Moisture Wicking, Quick Dry | Closure Type: Pullover Head | Fit: Regular Fit | Neckline: Crew Neck | Sleeve Length: Short Sleeve | Fiber Content: 100% Cotton | Fabric Description: Knit | Care: Tumble Dry, Machine Wash | Material: Polyester, Cotton | Country of Origin: Imported",https://jcpenney.scene7.com/is/image/JCPenney/DP1219202409105008M | https://jcpenney.scene7.com/is/image/JCPenney/DP1219202409104703M | https://jcpenney.scene7.com/is/image/JCPenney/DP1219202409104398M
https://www.jcpenney.com/p/arizona-womens-juniors-round-neck-short-sleeve-oversized-graphic-t-shirt/ppr5008671839?pTmplType=regular&searchTerm=tshirt,Arizona Womens Juniors Round Neck Short Sleeve Oversized Graphic T-Shirt,15.99,24.0,33.0,4.0,3,"Snowdrift Athletic , Raw Wood Paradise , Ice Melt , Begonia Pink , Charming Coral , Aqua Wave , Rose Festival , Phantom Grey , Green Athl Club , Orange Tropical , Phantom Coast , Lavender Coast","large , x-small , xx-large , x-large , small , medium , 3x-large","Made from soft cotton-jersey in an oversized-fit, this juniors and women's graphic t-shirt from Arizona Jean Co. has a crew neck, drop shoulders, and short sleeves. Pair it over denim shorts with sneakers or cropped wide-leg pants and sandals.","Closure Type: Pullover Head | Fit: Oversized Fit | Neckline: Round Neck | Sleeve Length: Short Sleeve | Apparel Length: 28.5 Inches | Fiber Content: 100% Cotton | Fabric Description: Jersey | Care: Machine Wash, Tumble Dry | Material: Cotton | Country of Origin: Imported",https://jcpenney.scene7.com/is/image/JCPenney/DP0305202611132999M | https://jcpenney.scene7.com/is/image/JCPenney/DP0305202611133209M | https://jcpenney.scene7.com/is/image/JCPenney/DP0305202611133104M
https://www.jcpenney.com/p/xersion-mens-crew-neck-short-sleeve-t-shirt/ppr5008571455?pTmplType=regular&searchTerm=tshirt,Xersion Mens Crew Neck Short Sleeve T-Shirt,5.99,14.0,57.0,4.6594,552,"Gulf Sand , Celery Sprig , Sea Moss , Active Blue , Ski Patrol Red , French Yellow , Steel Blue","large , xx-large , x-large , small , medium","You active style just got more comfortable thanks to the addition of this men's Xersion Xtreme t-shirt. Made from soft cotton-knit with quick-dry and moisture-wicking properties to keep you cool, it has a crew neckline and short sleeves. Pair it with workout shorts and sneakers.","Closure Type: Pullover Head | Fit: Regular Fit | Neckline: Crew Neck | Sleeve Length: Short Sleeve | Sleeve Style: Fitted Sleeve | Apparel Length: 33 Inches - Front | Fiber Content: 100% Cotton | Fabric Description: Jersey | Care: Tumble Dry, Machine Wash | Material: Jersey | Country of Origin: Imported",https://jcpenney.scene7.com/is/image/JCPenney/DP1223202513111628M | https://jcpenney.scene7.com/is/image/JCPenney/DP1223202513110799M | https://jcpenney.scene7.com/is/image/JCPenney/DP1223202513111214M | https://jcpenney.scene7.com/is/image/JCPenney/DP0519202613135038M | https://jcpenney.scene7.com/is/image/JCPenney/DP0519202613134934M
https://www.jcpenney.com/p/st-johns-bay-womens-tall-v-neck-3-4-sleeve-t-shirt/ppr5008551884?pTmplType=regular&searchTerm=tshirt,St. John's Bay Womens Tall V Neck 3/4 Sleeve T-Shirt,15.99,22.0,27%,4.0,2,"American Navy , Black , White , Tropical Orchid , Oregano , Rose Garden","medium tall , large tall , x-small tall , small tall , xx-large tall , x-large tall","This St. John's Bay women's tall t-shirt is designed for easy comfort with a clean, everyday appeal. Made with a V-neckline, fitted 3/4 sleeves, it offers a streamlined silhouette that feels balanced and versatile. Wear it with jeans or layer it under a light jacket for a simple, well-proportioned look.","Features: Essentials | Closure Type: Pullover Head | Fit: Regular Fit | Neckline: V Neck | Sleeve Length: 3/4 Sleeve | Sleeve Style: Fitted Sleeve | Apparel Length: 27.5 Inches | Fiber Content: 100% Cotton | Fabric Description: Rib Knit | Care: Tumble Dry, Machine Wash | Certifications And Listings: Oeko-Tex Standard 100 | Material: Cotton | Oeko-Tex Standard 100 Label: Kl020 178692 | Oeko-Tex Standard 100 Test Institute: Testex Ag | Country of Origin: Imported",https://jcpenney.scene7.com/is/image/JCPenney/DP0919202509110172M | https://jcpenney.scene7.com/is/image/JCPenney/DP0919202509110277M | https://jcpenney.scene7.com/is/image/JCPenney/DP0919202509110068M
https://www.jcpenney.com/p/nike-embroidered-logo-mens-crew-neck-short-sleeve-embroidered-active-t-shirt/ppr5008658243?pTmplType=regular&searchTerm=tshirt,Nike Embroidered Logo Mens Crew Neck Short Sleeve Embroidered Active T-Shirt,25.6,32.0,20.0,3.5814,86,"Dk Gray Htr , Pink Foam , University Red , Black , White , Smoke Grey , Medium Olive , Parachute Beige , Ghost , Mean Green , Birch Htr , Barely Green , Midnight Navy , Royal Pulse , Cosmic Clay","large , xx-large , x-large , small , medium",A SMART PICKUP FOR YOUR DAILY ROTATION. The Nike Sportswear Club T-Shirt is made with our everyday cotton fabric and a classic fit for a familiar feel right out of the bag. An embroidered Futura logo on the chest provides a signature Nike look. The classic fit tee silhouette is relaxed through the body and hips. Everyday cotton fabric feels soft and lightweight.,"Features: Embroidered | Closure Type: Pullover Head | Fit: Regular Fit | Neckline: Crew Neck | Sleeve Length: Short Sleeve | Apparel Length: 29 Inches | Fiber Content: 100% Cotton | Fabric Description: Jersey | Care: Tumble Dry, Machine Wash | Material: Cotton | Country of Origin: Imported",https://jcpenney.scene7.com/is/image/JCPenney/DP0120202607101055M | https://jcpenney.scene7.com/is/image/JCPenney/DP0120202607100742M | https://jcpenney.scene7.com/is/image/JCPenney/DP0127202607045226M | https://jcpenney.scene7.com/is/image/JCPenney/DP0127202607045541M | https://jcpenney.scene7.com/is/image/JCPenney/DP0127202607045331M
https://www.jcpenney.com/p/shaquille-oneal-xlg-ribbed-dropneedle-mens-crew-neck-short-sleeve-big-and-tall-t-shirt/ppr5008698534?pTmplType=regular&searchTerm=tshirt,Shaquille O'Neal XLG™ Ribbed Dropneedle Mens Crew Neck Short Sleeve Big and Tall T-Shirt,17.99,34.0,47.0,4.6338,71,"Black , White , Navy Platoon , Blue Heather , Charcoal Smoke , Salt N Pepper Htr , Sandshell , Rich Teal , Yellow Dahlia , Azure Blue","6x-large , medium tall , 2x-large , large tall , 2x-large tall , 4x-large tall , 5x-large , 3x-large tall , 4x-large , x-large tall , 5x-large tall , 3x-large","The Shaquille O’Neal XLG™ men’s big and tall t‑shirt offers a straightforward, well‑balanced silhouette for laid‑back dressing. Designed with a crew neckline and short, fitted sleeves, it provides a comfortable, easy‑moving option that fits naturally into casual, off‑duty wear.","Closure Type: Pullover Head | Fit: Regular Fit | Neckline: Crew Neck | Sleeve Length: Short Sleeve | Sleeve Style: Fitted Sleeve | Apparel Length: 34 Inches - Front | Fiber Content: 60% Cotton, 40% Polyester | Fabric Description: Rib | Care: Tumble Dry, Machine Wash | Country of Origin: Imported",https://jcpenney.scene7.com/is/image/JCPenney/DP1205202513071205M | https://jcpenney.scene7.com/is/image/JCPenney/DP1205202513071415M | https://jcpenney.scene7.com/is/image/JCPenney/DP1205202513071310M
https://www.jcpenney.com/p/ana-womens-crew-neck-long-sleeve-t-shirt/ppr5008506228?pTmplType=regular&searchTerm=tshirt,a.n.a Womens Crew Neck Long Sleeve T-Shirt,3.99,18.0,77.0,4.6135,533,Easy Strp Black,"petite xx-large , large , xx-large , x-large , petite x-large","This a.n.a women's round neck tee is made from soft modal cotton-jersey for a slinky comfortable feel. A wardrobe essential, this pullover t-shirt has long sleeves and a regular-fit. Wear it with jeans, shorts or a skirt.","Fit: Regular Fit | Neckline: Crew Neck | Sleeve Length: Long Sleeve | Apparel Length: 25 Inches | Fiber Content: 57% Cotton, 38% Modal, 5% Spandex | Fabric Description: Jersey | Care: Machine Wash, Tumble Dry | Material: Fabric | Country of Origin: Imported",https://jcpenney.scene7.com/is/image/JCPenney/DP0530202511074337M | https://jcpenney.scene7.com/is/image/JCPenney/DP0530202511074441M | https://jcpenney.scene7.com/is/image/JCPenney/DP0530202511074545M
https://www.jcpenney.com/p/st-johns-bay-womens-tall-crew-neck-short-sleeve-t-shirt/ppr5008551877?pTmplType=regular&searchTerm=tshirt,St. John's Bay Womens Tall Crew Neck Short Sleeve T-Shirt,7.99,20.0,60.0,3.6667,3,"American Navy , Cabana Coral , Skydiver Blue , Black , White , Lindsay Green , Cabaret Red , Rose Valley , Orchid Bloom , Oregano , Tropic Blue , Preppy Pink , Solar Power Yellow , Tropical Orchid","medium tall , large tall , x-small tall , small tall , xx-large tall , x-large tall","The St. John’s Bay women’s tall t-shirt offers everyday comfort with a crew neckline and short sleeves. Layer under lightweight jackets or pair with straight-leg jeans for a clean, versatile look.","Features: Essentials | Closure Type: Pullover Head | Fit: Regular Fit | Neckline: Crew Neck | Sleeve Length: Short Sleeve | Sleeve Style: Cap Sleeve | Apparel Length: 27.5 Inches - Front | Fiber Content: 100% Cotton | Fabric Description: Rib Knit | Care: Tumble Dry, Machine Wash | Certifications And Listings: Oeko-Tex Standard 100 | Material: Cotton | Oeko-Tex Standard 100 Label: Hk020 145317 | Oeko-Tex Standard 100 Test Institute: Testex | Country of Origin: Imported",https://jcpenney.scene7.com/is/image/JCPenney/DP0902202515004175M | https://jcpenney.scene7.com/is/image/JCPenney/DP0902202515003651M | https://jcpenney.scene7.com/is/image/JCPenney/DP0902202515003233M
https://www.jcpenney.com/p/liz-claiborne-womens-boat-neck-short-sleeve-t-shirt/ppr5008657355?pTmplType=regular&searchTerm=tshirt,Liz Claiborne Womens Boat Neck Short Sleeve T-Shirt,17.99,28.0,36%,4.5,6,"White-navy , Blue-navy , Green Stripe , Beige Stripe","large , x-small , xx-large , x-large , small , medium",Decorate your casual wardrobe with classic stripes with the addition of this women's Liz Claiborne t-shirt made from soft cotton-jersey with a crew neck and cap sleeves. Wear it with everything from tailored pants to jeans.,"Closure Type: Pullover Head | Fit: Regular Fit | Neckline: Boat Neck | Sleeve Length: Short Sleeve | Sleeve Style: Cap Sleeve | Apparel Length: 24 Inches | Fiber Content: 54% Cotton, 46% Polyester | Fabric Description: Jersey | Care: Machine Wash, Tumble Dry | Material: Cotton | Country of Origin: Imported",https://jcpenney.scene7.com/is/image/JCPenney/DP1204202509095150M | https://jcpenney.scene7.com/is/image/JCPenney/DP1204202509094731M | https://jcpenney.scene7.com/is/image/JCPenney/DP1204202509094941M
https://www.jcpenney.com/p/arizona-baby-womens-crew-neck-short-sleeve-t-shirt/ppr5008554650?pTmplType=regular&searchTerm=tshirt,Arizona Baby Womens Crew Neck Short Sleeve T-Shirt,9.99,20.0,50.0,5.0,3,"Crema Desert , Snwdrft Oceanside , Yellow Athl , Black , Red 87 , Pink Camo , Lt Yellow Island , Blue Tomatoes , White , Periwinkle Stripe , Floral Berry , Snowdrift Hibiscus , Aqua Pearl , Oatmeal Fiji , Rose Dragonfly , Red Cherries , Blue Ditsy Rose , Gray Rock N Roll , Paprika","large , x-small , xx-small , xx-large , x-large , small , medium , 3x-large","This Arizona women's and junior's baby tee is a cool casual wardrobe essential you can pair with everything from skirts to jeans or shorts. It's made from soft recycled cotton-rib with a hint of stretch and a fitted silhouette, a crew neck and short sleeves.","Closure Type: Pullover Head | Fit: Regular Fit | Neckline: Crew Neck | Sleeve Length: Short Sleeve | Apparel Length: 22 Inches | Fiber Content: 56% Cotton, 38% Recycled Polyester, 6% Spandex | Fabric Description: Rib | Care: Machine Wash, Tumble Dry | Country of Origin: Imported",https://jcpenney.scene7.com/is/image/JCPenney/DP0318202613032865M | https://jcpenney.scene7.com/is/image/JCPenney/DP0318202613032761M | https://jcpenney.scene7.com/is/image/JCPenney/DP0318202613032656M
https://www.jcpenney.com/p/st-johns-bay-super-soft-mens-crew-neck-short-sleeve-stretch-fabric-t-shirt/ppr5008486413?pTmplType=regular&searchTerm=tshirt,St. John's Bay Super Soft Mens Crew Neck Short Sleeve Stretch Fabric T-Shirt,9.99,15.0,33.0,4.7576,462,"Oatmeal Heather , Black , White , Signature Navy , Charcoal Htr","large , xx-large , x-large , small , medium","Add a classic essential to your wardrobe with this St. John's Bay short-sleeve t-shirt. Made from soft-stretch cotton, this crew neck tee is tag-free for a comfortable fit. Wear it with jeans and sneakers.","Features: Tag Free, Stretch Fabric | Closure Type: Pullover Head | Fit: Classic Fit | Neckline: Crew Neck | Sleeve Length: Short Sleeve | Fiber Content: 60% Cotton, 40% Polyester | Fabric Description: Jersey | Care: Machine Wash, Tumble Dry | Country of Origin: Imported",https://jcpenney.scene7.com/is/image/JCPenney/DP0211202611031585M | https://jcpenney.scene7.com/is/image/JCPenney/DP0211202611031795M | https://jcpenney.scene7.com/is/image/JCPenney/DP1019202217031639M | https://jcpenney.scene7.com/is/image/JCPenney/DP0211202611032005M
https://www.jcpenney.com/p/st-johns-bay-womens-plus-v-neck-3-4-sleeve-t-shirt/ppr5008551878?pTmplType=regular&searchTerm=tshirt,St. John's Bay Womens Plus V Neck 3/4 Sleeve T-Shirt,15.99,22.0,27%,3.3333,3,"Green Splash , Solar Power Yellow , American Navy , Skydiver Blue , Black , White , Cabaret Red , Rose Valley , Tropical Orchid , Orchid Bloom , Oregano , Preppy Pink , Tropic Blue , Rose Garden","4x , 3x , 5x , 0x , 2x , 1x","Refresh your everyday basics with this comfortable St. John's Bay t-shirt for women. It's made from soft, breathable cotton with 3/4 sleeves and a flattering v-neckline. Tuck it into jeans and add flats for a casual chic outfit.","Closure Type: Pullover Head | Fit: Regular Fit | Neckline: V Neck | Sleeve Length: 3/4 Sleeve | Sleeve Style: Cap Sleeve | Apparel Length: 29 Inches - Front | Fiber Content: 100% Cotton | Fabric Description: Rib Knit | Care: Machine Wash, Tumble Dry | Material: Cotton | Country of Origin: Imported",https://jcpenney.scene7.com/is/image/JCPenney/DP0918202513052465M | https://jcpenney.scene7.com/is/image/JCPenney/DP0918202513053301M | https://jcpenney.scene7.com/is/image/JCPenney/DP0918202513052882M
https://www.jcpenney.com/p/ana-womens-plus-crew-neck-short-sleeve-t-shirt/ppr5008591332?pTmplType=regular&searchTerm=tshirt,a.n.a Womens Plus Crew Neck Short Sleeve T-Shirt,7.99,20.0,60.0,4.0,5,"Faded Denim , Moss Green Stripe , Rose Smoke , Dnu , Birchwood , Black , White , Cortez Red , Dusky Green , Birchwood Stripe , Sea Mint","4x , 3x , 5x , 0x , 2x , 1x","Essential and easy to style, this women's plus t-shirt from a.n.a is made from soft cotton-jersey with a classic crew neck and short sleeves. This versatile tee pairs with everything from denim shorts to mini skirts.","Closure Type: Pullover Head | Fit: Regular Fit | Neckline: Crew Neck | Sleeve Length: Short Sleeve | Sleeve Style: Drop-Shoulder Sleeve | Apparel Length: 26.25 Inches | Fiber Content: 100% Cotton | Fabric Description: Jersey | Care: Tumble Dry, Machine Wash | Material: Cotton | Country of Origin: Imported",https://jcpenney.scene7.com/is/image/JCPenney/DP1203202509200563M | https://jcpenney.scene7.com/is/image/JCPenney/DP1203202509201191M | https://jcpenney.scene7.com/is/image/JCPenney/DP1203202509195935M
https://www.jcpenney.com/p/ana-womens-crew-neck-short-sleeve-t-shirt/ppr5008617509?pTmplType=regular&searchTerm=tshirt,a.n.a Womens Crew Neck Short Sleeve T-Shirt,9.99,16.0,37.0,4.3333,3,"Mayfair Rose , Moss Green , Black , White , Celestial Blue","petite xx-large , petite medium , large , x-small , xx-large , petite small , petite x-small , petite large , x-large , small , petite x-large , medium","Stock up on stylish everyday essentials with this a.n.a women's crew neck t-shirt. Made from 100% cotton, it has a slightly boxy-fit, a crew neck and short sleeves. Wear it with your favorite denim pieces.","Closure Type: Pullover Head | Fit: Boxy Fit | Neckline: Crew Neck | Sleeve Length: Short Sleeve | Sleeve Style: Drop-Shoulder Sleeve | Apparel Length: 20 Inches - Back, 20.5 Inches - Front | Fiber Content: 100% Cotton | Fabric Description: Knit | Care: Tumble Dry, Machine Wash | Material: Cotton | Country of Origin: Imported",https://jcpenney.scene7.com/is/image/JCPenney/DP0217202613054217M | https://jcpenney.scene7.com/is/image/JCPenney/DP0217202613054426M | https://jcpenney.scene7.com/is/image/JCPenney/DP0217202613054009M
https://www.jcpenney.com/p/arizona-mens-crew-neck-short-sleeve-t-shirt/ppr5008410690?pTmplType=regular&searchTerm=tshirt,Arizona Mens Crew Neck Short Sleeve T-Shirt,5.99,12.0,50.0,4.6721,61,"Dk Gray Htr , French Bread , Black , Navy Shadow , White , Kidney Bean","large , xx-large , x-small , x-large , small , medium","The classic solid color and cut of this Arizona men's t-shirt makes it an everyday essential to wear with jeans or chino shorts. Made from a soft recycled cotton-jersey, it has a crew neck and short sleeves.","Closure Type: Pullover Head | Fit: Regular Fit | Neckline: Crew Neck | Sleeve Length: Short Sleeve | Apparel Length: 28.5 Inches | Fiber Content: 60% Cotton, 40% Recycled Polyester | Fabric Description: Jersey | Care: Machine Wash, Tumble Dry | Country of Origin: Imported",https://jcpenney.scene7.com/is/image/JCPenney/DP0229202415071874M | https://jcpenney.scene7.com/is/image/JCPenney/DP0229202415072285M | https://jcpenney.scene7.com/is/image/JCPenney/DP0229202415072079M
https://www.jcpenney.com/p/liz-claiborne-womens-crew-neck-short-sleeve-t-shirt/ppr5008685572?pTmplType=regular&searchTerm=tshirt,Liz Claiborne Womens Crew Neck Short Sleeve T-Shirt,28.5,38.0,25%,,,"Cabaret Red Stripe , Black Stripe","petite xx-large , petite medium , large , x-small , xx-large , petite small , petite x-small , petite large , x-large , small , petite x-large , medium","Featuring a flattering striped design, this Liz Claiborne women's t-shirt is cut in a boxy-fit from soft stretch-ponte with a crew neckline, short sleeves and a back button-loop closure. Pair it with the matching midi skirt and sandals for a complete look.","Closure Type: Pullover Head | Fit: Regular Fit | Neckline: Crew Neck | Sleeve Length: Short Sleeve | Sleeve Style: Fitted Sleeve | Apparel Length: 23 Inches - Front | Fiber Content: 98% Polyester, 2% Spandex | Fabric Description: Ponte | Care: Machine Wash, Tumble Dry | Country of Origin: Imported",https://jcpenney.scene7.com/is/image/JCPenney/DP0409202617031601M | https://jcpenney.scene7.com/is/image/JCPenney/DP0227202613042459M | https://jcpenney.scene7.com/is/image/JCPenney/DP0409202617031811M | https://jcpenney.scene7.com/is/image/JCPenney/DP0409202617032020M | https://jcpenney.scene7.com/is/image/JCPenney/DP0227202613042354M | https://jcpenney.scene7.com/is/image/JCPenney/DP0227202613042249M
https://www.jcpenney.com/p/xersion-womens-performance-crew-neck-short-sleeve-t-shirt/ppr5008482507?pTmplType=regular&searchTerm=tshirt,Xersion Womens Performance Crew Neck Short Sleeve T-Shirt,9.99,25.0,60.0,4.5,30,"Med Hthr Gray Sd , Light Navy , Black , White , Green Promise , Ski Patrol Red","large , x-small , xx-large , x-large , small , medium","Every workout wardrobe needs an array of t-shirts like this Xersion women's style. Made from soft recycled stretch-jersey with quick-dry properties to keep you fresh on the go, this pullover tee has a classic crew neckline and short sleeves. Wear it with bike shorts or leggings.","Features: Quick Dry | Closure Type: Pullover Head | Fit: Regular Fit | Neckline: Crew Neck | Sleeve Length: Short Sleeve | Apparel Length: 25 Inches - Front | Fiber Content: 48% Polyester, 46% Recycled Polyester, 6% Spandex | Fabric Description: Jersey | Care: Machine Wash, Tumble Dry | Material: Jersey | Country of Origin: Imported",https://jcpenney.scene7.com/is/image/JCPenney/DP0402202615165256M | https://jcpenney.scene7.com/is/image/JCPenney/DP0402202615165151M | https://jcpenney.scene7.com/is/image/JCPenney/DP0402202615165360M
https://www.jcpenney.com/p/ana-womens-plus-v-neck-short-sleeve-t-shirt/ppr5008591333?pTmplType=regular&searchTerm=tshirt,a.n.a Womens Plus V Neck Short Sleeve T-Shirt,7.99,20.0,60.0,4.4444,9,"Coral Frost , Hawthorn Rose , Birchwood , Black , Med Heather Grey , White , White Stripe , Silver Lake Blue , Oregano , Navy Stripe","4x , 3x , 5x , 0x , 2x , 1x","This a.n.a women's plus t-shirt is an essential everyday style made from soft cotton-jersey with a v-neck and short sleeves. This versatile, comfy tee pairs with everything from denim shorts to mini skirts.","Closure Type: Pullover Head | Fit: Regular Fit | Neckline: V Neck | Sleeve Length: Short Sleeve | Sleeve Style: Drop-Shoulder Sleeve | Apparel Length: 26.5 Inches | Fiber Content: 100% Cotton | Fabric Description: Jersey | Care: Machine Wash, Tumble Dry | Material: Cotton | Country of Origin: Imported",https://jcpenney.scene7.com/is/image/JCPenney/DP1128202509071826M | https://jcpenney.scene7.com/is/image/JCPenney/DP1128202509071617M | https://jcpenney.scene7.com/is/image/JCPenney/DP1128202509071722M
https://www.jcpenney.com/p/liz-claiborne-womens-boat-neck-short-sleeve-t-shirt/ppr5008657345?pTmplType=regular&searchTerm=tshirt,Liz Claiborne Womens Boat Neck Short Sleeve T-Shirt,14.99,28.0,46.0,5.0,1,"Black , Woodsmoke , Biking Red , Peach Whip","large , x-small , xx-large , x-large , small , medium","This Liz Claiborne women's boat neck t-shirt is a chic classic to stock up on for the warmer months. Made from stretch-cotton, this pullover tee has a boat neckline and short sleeves. Wear it with bermuda shorts or capris.","Closure Type: Pullover Head | Fit: Regular Fit | Neckline: Boat Neck | Sleeve Length: Short Sleeve | Apparel Length: 24 Inches | Fiber Content: 95% Cotton, 5% Spandex | Fabric Description: Jersey | Care: Machine Wash, Tumble Dry | Material: Cotton | Country of Origin: Imported",https://jcpenney.scene7.com/is/image/JCPenney/DP0218202609073526M | https://jcpenney.scene7.com/is/image/JCPenney/DP0218202609073315M | https://jcpenney.scene7.com/is/image/JCPenney/DP0218202609073105M
https://www.jcpenney.com/p/alfred-dunner-classics-womens-crew-neck-3-4-sleeve-t-shirt/ppr5008669952?pTmplType=regular&searchTerm=tshirt,Alfred Dunner Classics Womens Crew Neck 3/4 Sleeve T-Shirt,39.99,54.5,27%,5.0,2,"Yellow Multi , Cornflower , Blue Multi , Blue , Black Tan , Tan , Neutral Multi","petite medium , large , petite small , petite large , x-large , small , petite x-large , medium","The Alfred Dunner Classics women’s t-shirt offers a refreshing blend of timeless style and everyday ease. This essential pullover features a comfortable crew neck, 3/4 sleeves, and a relaxed fit, pairing effortlessly with trousers for a sophisticated, lunch-date ensemble.","Closure Type: Pullover Head | Fit: Regular Fit | Neckline: Crew Neck | Sleeve Length: 3/4 Sleeve | Apparel Length: 24.5 Inches | Fiber Content: 80% Polyester, 20% Rayon | Fabric Description: Knit | Care: Tumble Dry, Machine Wash | Country of Origin: Imported",https://jcpenney.scene7.com/is/image/JCPenney/DP1217202509070742M | https://jcpenney.scene7.com/is/image/JCPenney/DP1217202509070328M | https://jcpenney.scene7.com/is/image/JCPenney/DP1217202509070535M | https://jcpenney.scene7.com/is/image/JCPenney/DP1217202509070432M
https://www.jcpenney.com/p/stylus-womens-crew-neck-short-sleeve-t-shirt/ppr5008582724?pTmplType=regular&searchTerm=tshirt,Stylus Womens Crew Neck Short Sleeve T-Shirt,13.29,36.0,63.0,3.5,18,"Valencia Rose , Cedarwood , Black , Navy Platoon , Gardenia , Portobello Mushroo , Laurel Wreath","large , x-small , xx-large , x-large , small , medium","The modal fabric gives this women's t-shirt from Stylus a super-soft silky feel- you'll want to wear it every day. It features a crew neckline, dolman short sleeves, and a curved hem for easy layering.","Features: Essentials | Closure Type: Pullover Head | Fit: Regular Fit | Neckline: Crew Neck | Sleeve Length: Short Sleeve | Sleeve Style: Dolman Sleeve | Apparel Length: 27 Inches - Front | Fiber Content: 68% Modal, 32% Polyester | Fabric Description: Pique | Care: Tumble Dry, Machine Wash | Country of Origin: Imported",https://jcpenney.scene7.com/is/image/JCPenney/DP1204202313074077M | https://jcpenney.scene7.com/is/image/JCPenney/DP1204202313073974M | https://jcpenney.scene7.com/is/image/JCPenney/DP1204202313073871M | https://jcpenney.scene7.com/is/image/JCPenney/DP0222202313013404M
https://www.jcpenney.com/p/st-johns-bay-super-soft-pocket-mens-crew-neck-short-sleeve-quick-dry-big-and-tall-t-shirt/ppr5008392019?pTmplType=regular&searchTerm=tshirt,St. John's Bay Super Soft Pocket Mens Crew Neck Short Sleeve Quick Dry Big and Tall T-Shirt,12.99,25.0,48.0,4.6102,118,"Black , White , Red , Signature Navy , Oatmeal Htr , Charcoal Htr","6x-large , medium tall , 2x-large , large tall , 2x-large tall , 4x-large tall , 5x-large , 3x-large tall , 4x-large , x-large tall , 5x-large tall , 1x-large tall , 3x-large","Add a high performing everyday essential to your wardrobe with this St. John's Bay men's big and tall short-sleeve t-shirt. Made from a soft recycled cotton-jersey with quick-dry and moisture-wicking properties to keep you comfortable on the go, this pullover crew-neck tee is also cut for a regular-fit. Wear it with jeans and sneakers.","Features: Quick Dry, Moisture Wicking | Closure Type: Pullover Head | Fit: Classic Fit | Neckline: Crew Neck | Pocket Types: 1 Chest Slip Pocket(s) | Sleeve Length: Short Sleeve | Fiber Content: 60% Cotton, 40% Recycled Polyester | Fabric Description: Jersey | Care: Machine Wash, Tumble Dry | Country of Origin: Imported",https://jcpenney.scene7.com/is/image/JCPenney/DP0514202615090241M | https://jcpenney.scene7.com/is/image/JCPenney/DP1124202207171980M | https://jcpenney.scene7.com/is/image/JCPenney/DP0830202211093764M | https://jcpenney.scene7.com/is/image/JCPenney/DP0619202307123752M | https://jcpenney.scene7.com/is/image/JCPenney/DP0514202615090449M | https://jcpenney.scene7.com/is/image/JCPenney/DP0514202615090345M
https://www.jcpenney.com/p/st-johns-bay-womens-crew-neck-short-sleeve-regular-fit-graphic-t-shirt/ppr5008552123?pTmplType=regular&searchTerm=tshirt,St. John's Bay Womens Crew Neck Short Sleeve Regular Fit Graphic T-Shirt,9.99,22.0,54.0,4.5435,46,"Flag , Strawberry Fields , Turtle , Coast To Coast , Pink Cherries , Beach Club , Limone , Green Stripe , Pink Heart , Navy Stripe , Sun Sand Sea , By The Sea","petite xx-large , petite medium , large , x-small , xx-large , petite small , petite x-small , petite large , x-large , small , petite x-large , medium","Refresh your casual wardrobe with the St. John’s Bay women’s t-shirt, made from cotton-blend jersey fabric. Featuring a crew neckline and short, fitted sleeves, this pullover tee pairs seamlessly with jeans, shorts, or skirts for effortless daily outfits.","Closure Type: Pullover Head | Fit: Regular Fit | Neckline: Crew Neck | Sleeve Length: Short Sleeve | Sleeve Style: Fitted Sleeve | Apparel Length: 26 Inches - Front | Fiber Content: 60% Cotton, 40% Spandex | Fabric Description: Jersey | Care: Tumble Dry, Machine Wash | Material: Jersey | Country of Origin: Imported",https://jcpenney.scene7.com/is/image/JCPenney/DP1219202509091125M | https://jcpenney.scene7.com/is/image/JCPenney/DP1219202509091332M | https://jcpenney.scene7.com/is/image/JCPenney/DP1219202509091228M
https://www.jcpenney.com/p/liz-claiborne-womens-split-crew-neck-short-sleeve-blouse/ppr5008625937?pTmplType=regular&searchTerm=tshirt,Liz Claiborne Womens Split Crew Neck Short Sleeve Blouse,24.99,34.0,27%,5.0,11,"Coffee Floral , Black , White , Blue Floral , White Floral","petite xx-large , petite medium , large , x-small , xx-large , petite small , petite x-small , petite large , x-large , small , petite x-large , medium","This Liz Claiborne women's blouse is a wardrobe staple that offers versatility for both professional and casual looks. Built in soft, cotton-jersey, it showcases a split crew neckline and short sleeves. Wear it with denim jeans and sneakers or ballerinas to keep it comfortable yet stylish.","Closure Type: Pullover Head | Fit: Regular Fit | Neckline: Split Crew Neck | Sleeve Length: Short Sleeve | Sleeve Style: Puffed Sleeve | Apparel Length: 24.5 Inches | Fiber Content: 95% Cotton, 5% Spandex | Fabric Description: Jersey | Care: Tumble Dry, Machine Wash | Country of Origin: Imported",https://jcpenney.scene7.com/is/image/JCPenney/DP0119202615125369M | https://jcpenney.scene7.com/is/image/JCPenney/DP0119202615125159M | https://jcpenney.scene7.com/is/image/JCPenney/DP0119202615124950M
https://www.jcpenney.com/p/st-johns-bay-super-soft-mens-crew-neck-short-sleeve-t-shirt/ppr5008525231?pTmplType=regular&searchTerm=tshirt,St. John's Bay Super Soft Mens Crew Neck Short Sleeve T-Shirt,9.99,15.0,33.0,4.7576,462,"Nav Green Htr , Cadmium Orange Htr , Maine Lobster , Coastal Gray , Blue Coral Sdh , True Navy Htr , Peninsula Blue , Dark Ivy Htr , Buttercup , Geranium Pink , Maroon","large , xx-large , x-large , small , medium","Add more comfort to your essentials with this men's St. John's Bay t-shirt designed in an array of colors to enhance collection. It's made from super-soft cotton-jersey with recycled fabric, and features a crew neck and short sleeves.","Closure Type: Pullover Head | Fit: Classic Fit | Neckline: Crew Neck | Sleeve Length: Short Sleeve | Apparel Length: 29 Inches | Fiber Content: 60% Cotton, 40% Recycled Polyester | Fabric Description: Jersey | Care: Tumble Dry, Machine Wash | Country of Origin: Imported",https://jcpenney.scene7.com/is/image/JCPenney/DP1119202517024071M | https://jcpenney.scene7.com/is/image/JCPenney/DP1119202517024280M | https://jcpenney.scene7.com/is/image/JCPenney/DP1119202517024489M
https://www.jcpenney.com/p/ana-perfect-tee-womens-crew-neck-short-sleeve-t-shirt/ppr5008617510?pTmplType=regular&searchTerm=tshirt,a.n.a Perfect Tee Womens Crew Neck Short Sleeve T-Shirt,9.99,16.0,37.0,4.1111,18,"Faded Denim , Rose Smoke , Brownie , Black , White , Tennessee Sage , Light Htr Grey","petite xx-large , petite medium , large , x-small , xx-large , petite small , petite x-small , petite large , x-large , small , petite x-large , medium","This a.n.a women's t-shirt is an everyday wardrobe classic made from 100% cotton. It has a crew neck, short sleeves and a regular-fit. Wear it with shorts or skinny jeans.","Closure Type: Pullover Head | Fit: Regular Fit | Neckline: Crew Neck | Sleeve Length: Short Sleeve | Sleeve Style: Fitted Sleeve | Apparel Length: 20.75 Inches - Front, 20.25 Inches - Back | Fiber Content: 100% Cotton | Fabric Description: Knit | Care: Machine Wash, Tumble Dry | Material: Cotton | Country of Origin: Imported",https://jcpenney.scene7.com/is/image/JCPenney/DP0212202617054767M | https://jcpenney.scene7.com/is/image/JCPenney/DP0212202617054663M | https://jcpenney.scene7.com/is/image/JCPenney/DP0212202617054872M
https://www.jcpenney.com/p/liz-claiborne-womens-v-neck-short-sleeve-t-shirt/ppr5008625946?pTmplType=regular&searchTerm=tshirt,Liz Claiborne Womens V Neck Short Sleeve T-Shirt,9.99,20.0,50.0,4.0714,14,"Coastal Beige , Bold Blue , Mayfair Rose , Black , Golden Sunrise , White , Coral Haze , Signature Navy , Garden Green , Seagreen , Raspberry Sorbet , Brunnera Blue","large , x-small , xx-large , x-large , small , medium","Essential and easy to style, this women's t-shirt from Liz Claiborne is made from soft cotton-jersey with V-neck and short sleeves. This versatile tee pairs with everything from denim shorts to mini skirts.","Closure Type: Pullover Head | Fit: Regular Fit | Neckline: V Neck | Sleeve Length: Short Sleeve | Sleeve Style: Fitted Sleeve | Apparel Length: 24.5 Inches | Fiber Content: 100% Cotton | Fabric Description: Rib | Care: Tumble Dry, Machine Wash | Material: Cotton | Country of Origin: Imported",https://jcpenney.scene7.com/is/image/JCPenney/DP1128202509063746M | https://jcpenney.scene7.com/is/image/JCPenney/DP1128202509063537M | https://jcpenney.scene7.com/is/image/JCPenney/DP1128202509063956M
https://www.jcpenney.com/p/xersion-xtreme-mens-crew-neck-short-sleeve-active-big-and-tall-t-shirt/ppr5008474290?pTmplType=regular&searchTerm=tshirt,Xersion Xtreme Mens Crew Neck Short Sleeve Active Big and Tall T-Shirt,9.99,25.0,60.0,4.7,50,"Dk Gray Htr , Black , White , Gray Heather , Signature Navy , Thyme Heather , Arctic Sky","6x-large , medium tall , 2x-large , large tall , 2x-large tall , 4x-large tall , 5x-large , 3x-large tall , 4x-large , x-large tall , 5x-large tall , 3x-large","Made from soft cotton jersey with moisture-wicking tech, this Xersion Xtreme men's t-shirt is a go-to for workouts or everyday wear. It's cut for a regular-fit with a crew neck and short sleeves. Wear it with joggers and sneakers.Features: Quick Dry, Moisture Wicking.","Features: Moisture Wicking | Closure Type: Pullover Head | Fit: Regular Fit | Neckline: Crew Neck | Sleeve Length: Short Sleeve | Apparel Length: 34 Inches | Fiber Content: 100% Cotton | Fabric Description: Jersey | Care: Machine Wash, Tumble Dry | Material: Cotton | Country of Origin: Imported",https://jcpenney.scene7.com/is/image/JCPenney/DP0604202513032591M | https://jcpenney.scene7.com/is/image/JCPenney/DP0604202513032695M | https://jcpenney.scene7.com/is/image/JCPenney/DP0604202513032486M
https://www.jcpenney.com/p/xersion-womens-cotton-crew-neck-short-sleeve-t-shirt/ppr5008623588?pTmplType=regular&searchTerm=tshirt,Xersion Womens Cotton Crew Neck Short Sleeve T-Shirt,7.99,20.0,60.0,4.6837,98,"Cherry Blossom , Xenon Blue , Black , Pastel Purple , White , Sweet Butter , Normandy Blue , Green Jelly Bean , Evergreen , Moonlight , Med Hthr Gray Bc09","petite xx-large , petite medium , large , x-small , xx-large , petite small , petite x-small , petite large , x-large , small , petite x-large , medium","The Xersion women’s cotton crew-neck short-sleeve t-shirt delivers everyday comfort with breathable softness. It features a classic crew neckline and relaxed fit for easy movement. Pair this lightweight tee with joggers or leggings for a simple, sporty look that keeps you comfortable all day.","Features: Quick Dry, Essentials | Closure Type: Pullover Head | Fit: Regular Fit | Neckline: Crew Neck | Sleeve Length: Short Sleeve | Apparel Length: 25.5 Inches - Front | Fiber Content: 60% Cotton, 40% Recycled Polyester | Fabric Description: Jersey | Care: Machine Wash, Tumble Dry | Material: Cotton | Country of Origin: Imported",https://jcpenney.scene7.com/is/image/JCPenney/DP1205202509092903M | https://jcpenney.scene7.com/is/image/JCPenney/DP1205202509093008M | https://jcpenney.scene7.com/is/image/JCPenney/DP0105202607064803M | https://jcpenney.scene7.com/is/image/JCPenney/DP0430202613133504M | https://jcpenney.scene7.com/is/image/JCPenney/DP1205202509092798M
https://www.jcpenney.com/p/liz-claiborne-womens-boat-neck-short-sleeve-t-shirt/ppr5008685570?pTmplType=regular&searchTerm=tshirt,Liz Claiborne Womens Boat Neck Short Sleeve T-Shirt,21.0,28.0,25%,5.0,1,"Black Gingham , Red Stripe","large , x-small , xx-large , x-large , small , medium",Refresh your t-shirt collection by adding this patterned cotton-knit women's version from Liz Claiborne made from soft cotton-knit with a bateau neckline and short sleeves. Pair it with cropped pants or jeans.,"Closure Type: Pullover Head | Fit: Regular Fit | Neckline: Boat Neck | Sleeve Length: Short Sleeve | Sleeve Style: Cap Sleeve | Apparel Length: 24 Inches | Fiber Content: 54% Cotton, 46% Polyester | Fabric Description: Cotton/Polyester | Care: Tumble Dry, Machine Wash | Country of Origin: Imported",https://jcpenney.scene7.com/is/image/JCPenney/DP0409202617033276M | https://jcpenney.scene7.com/is/image/JCPenney/DP0310202613120203M | https://jcpenney.scene7.com/is/image/JCPenney/DP0310202613120098M | https://jcpenney.scene7.com/is/image/JCPenney/DP0310202613120308M | https://jcpenney.scene7.com/is/image/JCPenney/DP0409202617033381M
https://www.jcpenney.com/p/st-johns-bay-womens-plus-crew-neck-short-sleeve-t-shirt/ppr5008536615?pTmplType=regular&searchTerm=tshirt,St. John's Bay Womens Plus Crew Neck Short Sleeve T-Shirt,7.99,20.0,60.0,3.5455,11,"Vibrant Green , Black , Strawberry Freeze , Lindsay Green , Preppy Pink , Solar Power Yellow , American Navy , Skydiver Blue , White , Limelight , Innocent Pink , Tropic Blue , Tropical Orchid , Cabana Coral , Rose Valley , Alaskan Blue , Oregano , Orchid Bloom , Peach Cobbler , Cabaret Red","4x , 3x , 5x , 0x , 2x , 1x","The St. John’s Bay women’s plus crew-neck short-sleeve t-shirt blends effortless basics with all-day wearability. Made from a soft knit fabric, it features a classic crew neckline and a relaxed short-sleeve silhouette designed for plus sizing. Pair with jeans or a skirt for foundational style that moves with you.","Closure Type: Pullover Head | Fit: Regular Fit | Neckline: Crew Neck | Sleeve Length: Short Sleeve | Sleeve Style: Cap Sleeve | Apparel Length: 29 Inches - Front | Fiber Content: 100% Cotton | Fabric Description: Rib Knit | Care: Machine Wash, Tumble Dry | Certifications And Listings: Oeko-Tex Standard 100 | Material: Cotton | Oeko-Tex Standard 100 Label: Hk020 145317 | Oeko-Tex Standard 100 Test Institute: Testex | Country of Origin: Imported",https://jcpenney.scene7.com/is/image/JCPenney/DP0805202509041240M | https://jcpenney.scene7.com/is/image/JCPenney/DP0805202509040926M | https://jcpenney.scene7.com/is/image/JCPenney/DP0805202509040612M
https://www.jcpenney.com/p/liz-claiborne-womens-crew-neck-short-sleeve-t-shirt/ppr5008625743?pTmplType=regular&searchTerm=tshirt,Liz Claiborne Womens Crew Neck Short Sleeve T-Shirt,9.99,20.0,50.0,4.5,16,"Bold Blue , Peach Whip , Black , White , Cabaret Red , Signature Navy , Transparent Yellow , Garden Green , Chocolate Sauce , Seagreen , Brunnera Blue , Stunning Orchid","large , x-small , xx-large , x-large , small , medium","This Liz Claiborne women's t-shirt is a versatile everyday essential designed for comfort and a classic fit. Made from 100% cotton, it features a crew neckline and short sleeves. Wear it tucked into high-waist trousers or jeans for an effortlessly polished look.","Closure Type: Pullover Head | Fit: Regular Fit | Neckline: Crew Neck | Sleeve Length: Short Sleeve | Sleeve Style: Fitted Sleeve | Apparel Length: 26 Inches | Fiber Content: 100% Cotton | Fabric Description: Rib Knit | Care: Machine Wash, Tumble Dry | Material: Cotton | Country of Origin: Imported",https://jcpenney.scene7.com/is/image/JCPenney/DP1112202509115584M | https://jcpenney.scene7.com/is/image/JCPenney/DP1112202509115794M | https://jcpenney.scene7.com/is/image/JCPenney/DP1112202509115375M
https://www.jcpenney.com/p/st-johns-bay-womens-plus-boat-neck-elbow-sleeve-t-shirt/ppr5008584254?pTmplType=regular&searchTerm=tshirt,St. John's Bay Womens Plus Boat Neck Elbow Sleeve T-Shirt,12.99,28.0,53.0,4.3333,3,"Bold Blue , Americana Stripe , Black , White , American Nvy Strip , Lindsay Green , Cabaret Red , Alaskan Blue , Dahlia Purple , Rose Valley , Tropical Orchid , Preppy Pink Stripe , Mint Crisp Stripe , Rose Garden","4x , 3x , 5x , 0x , 2x , 1x",Switch up your essentials with this women's plus St. John's Bay t-shirt fitted with a bateau neckline and three-quarter sleeves. The cotton-jersey fabric makes every day wear comfortable and it's easy to pair with everything in your wardrobe.,"Closure Type: Pullover Head | Fit: Regular Fit | Neckline: Boat Neck | Sleeve Length: Elbow Sleeve | Apparel Length: 28 Inches - Front | Fiber Content: 100% Cotton | Fabric Description: Rib Knit | Care: Machine Wash, Tumble Dry | Material: Cotton | Country of Origin: Imported",https://jcpenney.scene7.com/is/image/JCPenney/DP1029202509053614M | https://jcpenney.scene7.com/is/image/JCPenney/DP1029202509054031M | https://jcpenney.scene7.com/is/image/JCPenney/DP1029202509053197M
https://www.jcpenney.com/p/liz-claiborne-womens-short-sleeve-regular-fit-henley-shirt/ppr5008625719?pTmplType=regular&searchTerm=tshirt,Liz Claiborne Womens Short Sleeve Regular Fit Henley Shirt,14.99,34.0,56.0,4.75,24,"Bold Blue , Black , White , Rose Quartz , Stone Heather , Signature Navy , Cabaret Red , Garden Green , Coffee , Brunnera Blue","petite xx-large , petite medium , large , x-small , xx-large , petite small , petite x-small , petite large , x-large , small , petite x-large , medium","The Liz Claiborne women's ribbed shirt offers a polished take on an everyday essential. It is designed with short, fitted sleeves and a classic crew neckline, and works well on its own or layered under jackets.","Closure Type: Pullover Head, Button | Fit: Regular Fit | Neckline: Crew Neck | Sleeve Length: Short Sleeve | Sleeve Style: Fitted Sleeve | Apparel Length: 24 Inches | Fiber Content: 68% Polyester, 29% Rayon, 3% Spandex | Fabric Description: Rib | Care: Tumble Dry, Machine Wash | Material: Polyester | Country of Origin: Imported",https://jcpenney.scene7.com/is/image/JCPenney/DP0119202615085958M | https://jcpenney.scene7.com/is/image/JCPenney/DP0119202615090271M | https://jcpenney.scene7.com/is/image/JCPenney/DP0119202615085646M
https://www.jcpenney.com/p/xersion-xtreme-cotton-mens-crew-neck-short-sleeve-t-shirt/ppr5008065125?pTmplType=regular&searchTerm=tshirt,Xersion Xtreme Cotton Mens Crew Neck Short Sleeve T-Shirt,5.99,14.0,57.0,4.6594,552,"Dk Gray Heather , Black , Burgundy Passion , White , Gray Heather , Signature Navy , Thyme Heather , Arctic Sky","large , xx-large , x-large , small , medium","Made from soft cotton jersey with moisture-wicking tech, this Xersion Xtreme men's t-shirt is a go-to for workouts or everyday wear. It's cut for a regular-fit with a crew neck and short sleeves. Wear it with joggers and sneakers.","Features: Quick Dry, Moisture Wicking | Closure Type: Pullover Head | Fit: Regular Fit | Neckline: Crew Neck | Sleeve Length: Short Sleeve | Fiber Content: 60% Cotton, 40% Polyester | Fabric Description: Knit | Care: Machine Wash, Tumble Dry | Material: Cotton, Polyester | Country of Origin: Imported",https://jcpenney.scene7.com/is/image/JCPenney/DP0219202507205429M | https://jcpenney.scene7.com/is/image/JCPenney/DP0219202507205634M | https://jcpenney.scene7.com/is/image/JCPenney/DP0219202507205838M
https://www.jcpenney.com/p/st-johns-bay-womens-v-neck-3-4-sleeve-t-shirt/ppr5008551875?pTmplType=regular&searchTerm=tshirt,St. John's Bay Womens V Neck 3/4 Sleeve T-Shirt,11.99,18.0,33%,4.5625,16,"American Navy , Solar Power Yellow , Green Splash , Skydiver Blue , Black , White , Cabaret Red , Rose Valley , Tropical Orchid , Oregano , Orchid Bloom , Preppy Pink , Tropic Blue , Rose Garden","petite xx-large , petite medium , large , x-small , xx-large , petite small , petite x-small , petite large , x-large , small , petite x-large , medium","Upgrade your basics with the St. John’s Bay women’s t-shirt, made from 100% cotton rib knit with a V-neckline and comfortable three-quarter sleeves. Pair this regular-fit pullover tee with jeans, skirts, or slacks for versatile everyday styling.","Features: Essentials | Closure Type: Pullover Head | Fit: Regular Fit | Neckline: V Neck | Sleeve Length: 3/4 Sleeve | Sleeve Style: Cap Sleeve | Apparel Length: 26 Inches | Fiber Content: 100% Cotton | Fabric Description: Rib Knit | Care: Tumble Dry, Machine Wash | Certifications And Listings: Oeko-Tex Standard 100 | Material: Cotton | Oeko-Tex Standard 100 Label: Kl020 178692 | Oeko-Tex Standard 100 Test Institute: Test Ag | Country of Origin: Imported",https://jcpenney.scene7.com/is/image/JCPenney/DP0918202513044189M | https://jcpenney.scene7.com/is/image/JCPenney/DP0918202513043666M | https://jcpenney.scene7.com/is/image/JCPenney/DP0918202513043143M
https://www.jcpenney.com/p/st-johns-bay-womens-plus-v-neck-short-sleeve-t-shirt/ppr5008536611?pTmplType=regular&searchTerm=tshirt,St. John's Bay Womens Plus V Neck Short Sleeve T-Shirt,7.99,20.0,60.0,4.6087,23,"Black , Strawberry Freeze , Lindsay Green , Preppy Pink , Solar Power Yellow , Bold Blue , American Navy , Green Splash , White , Limelight , Tropic Blue , Tropical Orchid , Cabana Coral , Alaskan Blue , Oregano , Orchid Bloom , Peach Cobbler , Cabaret Red , Rose Garden","4x , 3x , 5x , 0x , 2x , 1x","The St. John’s Bay women’s plus t-shirt gives foundational style with comfort built in. Constructed from a soft knit with a flattering v-neck and relaxed short sleeves, this tee delivers easy move-with-you wear. Pair with high-rise jeans or a lightweight jacket for your go-to casual look.","Closure Type: Pullover Head | Fit: Regular Fit | Neckline: V Neck | Sleeve Length: Short Sleeve | Sleeve Style: Cap Sleeve | Apparel Length: 29 Inches - Front | Fiber Content: 100% Cotton | Fabric Description: Rib Knit | Care: Tumble Dry, Machine Wash | Certifications And Listings: Oeko-Tex Standard 100 | Material: Cotton | Oeko-Tex Standard 100 Label: Kl020 175227 | Oeko-Tex Standard 100 Test Institute: Testex Ag | Country of Origin: Imported",https://jcpenney.scene7.com/is/image/JCPenney/DP0722202509064782M | https://jcpenney.scene7.com/is/image/JCPenney/DP0722202509064677M | https://jcpenney.scene7.com/is/image/JCPenney/DP0722202509064574M
https://www.jcpenney.com/p/ana-womens-v-neck-short-sleeve-t-shirt/ppr5008551204?pTmplType=regular&searchTerm=tshirt,a.n.a Womens V Neck Short Sleeve T-Shirt,6.99,16.0,56.0,4.0769,26,"Coral Frost , Hawthorn Rose , Birchwood , Black , Med Heather Grey , White , White Stripe , Silver Lake Blue , Oregano , Navy Stripe","petite xx-large , petite medium , large , x-small , xx-large , petite small , petite x-small , petite large , x-large , small , petite x-large , medium","Essential and easy to style, this women's t-shirt from a.n.a is made from soft cotton-jersey with V-neck and short sleeves. This versatile tee pairs with everything from denim shorts to mini skirts.","Closure Type: Pullover Head | Fit: Regular Fit | Neckline: V Neck | Sleeve Length: Short Sleeve | Sleeve Style: Drop-Shoulder Sleeve | Apparel Length: 24.5 Inches | Fiber Content: 100% Cotton | Fabric Description: Jersey | Care: Tumble Dry, Machine Wash | Material: Cotton | Country of Origin: Imported",https://jcpenney.scene7.com/is/image/JCPenney/DP1106202509140206M | https://jcpenney.scene7.com/is/image/JCPenney/DP1106202509140102M | https://jcpenney.scene7.com/is/image/JCPenney/DP1106202509140310M
https://www.jcpenney.com/p/st-johns-bay-super-soft-mens-crew-neck-short-sleeve-quick-dry-big-and-tall-t-shirt/ppr5008392020?pTmplType=regular&searchTerm=tshirt,St. John's Bay Super Soft Mens Crew Neck Short Sleeve Quick Dry Big and Tall T-Shirt,12.99,25.0,48.0,4.5733,382,"Black , White , Signature Navy , Oatmeal Htr , Charcoal Htr","6x-large , medium tall , 2x-large , large tall , 2x-large tall , 4x-large tall , 5x-large , 3x-large tall , 4x-large , x-large tall , 5x-large tall , 3x-large","Deemed a Gotta-Have-It item for value you can count on every day! This St. John's Bay men's big and tall short-sleeve t-shirt makes casual style effortless. Made from a soft cotton-jersey blend with recycled fabric and quick-dry properties, this pullover crew neck tee has a comfortable regular-fit. Wear it with jeans and sneakers.","Features: Quick Dry, Moisture Wicking | Closure Type: Pullover Head | Fit: Classic Fit | Neckline: Crew Neck | Sleeve Length: Short Sleeve | Apparel Length: 29 Inches | Fiber Content: 60% Cotton, 40% Recycled Polyester | Fabric Description: Jersey | Care: Machine Wash, Tumble Dry | Country of Origin: Imported",https://jcpenney.scene7.com/is/image/JCPenney/DP1124202207170333M | https://jcpenney.scene7.com/is/image/JCPenney/DP0220202607220420M | https://jcpenney.scene7.com/is/image/JCPenney/DP0830202211091796M | https://jcpenney.scene7.com/is/image/JCPenney/DP0220202607220211M | https://jcpenney.scene7.com/is/image/JCPenney/DP0220202607220316M
https://www.jcpenney.com/p/liz-claiborne-womens-boat-neck-short-sleeve-blouse/ppr5008650448?pTmplType=regular&searchTerm=tshirt,Liz Claiborne Womens Boat Neck Short Sleeve Blouse,14.99,34.0,56.0,4.625,16,"White , Blue Yonder , Stone Heather , Signature Navy , Cabaret Red , Seagreen , Coffee , Stunning Orchid","petite xx-large , petite medium , large , x-small , xx-large , petite small , petite x-small , petite large , x-large , small , petite x-large , medium","Chic and feminine, this Liz Claiborne women’s blouse is made from soft stretch ribbed fabric, featuring a boat neckline and short, fitted sleeves. Pair this regular-fit top with jeans or tailored pants for elevated everyday styling.","Closure Type: Pullover Head | Fit: Regular Fit | Neckline: Boat Neck | Sleeve Length: Short Sleeve | Sleeve Style: Fitted Sleeve | Apparel Length: 24 Inches | Fiber Content: 58% Cotton, 39% Polyester, 3% Spandex | Fabric Description: Rib | Care: Tumble Dry, Machine Wash | Country of Origin: Imported",https://jcpenney.scene7.com/is/image/JCPenney/DP0217202615034185M | https://jcpenney.scene7.com/is/image/JCPenney/DP0217202615034290M | https://jcpenney.scene7.com/is/image/JCPenney/DP0217202615034080M
https://www.jcpenney.com/p/ana-womens-round-neck-short-sleeve-t-shirt/ppr5008551567?pTmplType=regular&searchTerm=tshirt,a.n.a Womens Round Neck Short Sleeve T-Shirt,6.99,16.0,56.0,4.4231,26,"Lemon Meringue Tar , Faded Denim , Moss Green Stripe , Rose Smoke , Burlwood , Birchwood , Black , White , Cortez Red , Red Stripe , Dusky Green , Sea Mint , Birchwood Stripe , Forest Cheetah","petite xx-large , petite medium , large , x-small , xx-large , petite small , petite x-small , petite large , x-large , small , petite x-large , medium","Essential and easy to style, this women's t-shirt from a.n.a is made from soft cotton-jersey with a classic crew neck and short sleeves. This versatile tee pairs with everything from denim shorts to mini skirts.","Closure Type: Pullover Head | Fit: Loose Fit | Neckline: Round Neck | Sleeve Length: Short Sleeve | Sleeve Style: Drop-Shoulder Sleeve | Apparel Length: 26.25 Inches | Fiber Content: 100% Cotton | Fabric Description: Cotton/Polyester | Care: Tumble Dry, Machine Wash | Material: Cotton | Country of Origin: Imported",https://jcpenney.scene7.com/is/image/JCPenney/DP0116202609065386M | https://jcpenney.scene7.com/is/image/JCPenney/DP0116202609064971M | https://jcpenney.scene7.com/is/image/JCPenney/DP0116202609065178M
https://www.jcpenney.com/p/st-johns-bay-womens-crew-neck-short-sleeve-t-shirt/ppr5008537771?pTmplType=regular&searchTerm=tshirt,St. John's Bay Womens Crew Neck Short Sleeve T-Shirt,6.99,16.0,56.0,4.5823,79,"Vibrant Green , Black , Strawberry Freeze , Lindsay Green , Preppy Pink , Solar Power Yellow , Bold Blue , American Navy , Green Splash , Skydiver Blue , White , Limelight , Innocent Pink , Tropic Blue , Tropical Orchid , Cabana Coral , Rose Valley , Alaskan Blue , Oregano , Orchid Bloom , Peach Cobbler , Cabaret Red , Rose Garden","petite xx-large , petite medium , large , x-small , xx-large , petite small , petite x-small , petite large , x-large , small , petite x-large , medium","The St. John’s Bay women’s crew-neck short-sleeve t-shirt is an everyday essential made for lasting comfort. Crafted from soft knit fabric, it features a relaxed fit and a classic crew neckline. Pair with jeans or shorts for a timeless casual look.","Features: Essentials | Closure Type: Pullover Head | Fit: Regular Fit | Neckline: Crew Neck | Sleeve Length: Short Sleeve | Sleeve Style: Cap Sleeve | Apparel Length: 26 Inches - Front | Fiber Content: 100% Cotton | Fabric Description: Rib Knit | Care: Machine Wash, Tumble Dry | Certifications And Listings: Oeko-Tex Standard 100 | Material: Cotton | Oeko-Tex Standard 100 Label: Hk020 145317 | Oeko-Tex Standard 100 Test Institute: Testex | Country of Origin: Imported",https://jcpenney.scene7.com/is/image/JCPenney/DP0731202507144121M | https://jcpenney.scene7.com/is/image/JCPenney/DP0731202507144332M | https://jcpenney.scene7.com/is/image/JCPenney/DP0731202507144540M
https://www.jcpenney.com/p/st-johns-bay-womens-v-neck-short-sleeve-t-shirt/ppr5008537761?pTmplType=regular&searchTerm=tshirt,St. John's Bay Womens V Neck Short Sleeve T-Shirt,6.99,16.0,56.0,4.6349,63,"Vibrant Green , Black , Strawberry Freeze , Lindsay Green , Preppy Pink , Solar Power Yellow , Bold Blue , American Navy , Green Splash , Skydiver Blue , White , Limelight , Innocent Pink , Tropic Blue , Tropical Orchid , Cabana Coral , Rose Valley , Alaskan Blue , Oregano , Orchid Bloom , Peach Cobbler , Cabaret Red , Rose Garden","petite xx-large , petite medium , large , x-small , xx-large , petite small , petite x-small , petite large , x-large , small , petite x-large , medium","The St. John’s Bay women’s V-neck short-sleeve t-shirt offers casual versatility with a soft, breathable feel. Designed with a flattering v-neckline and relaxed fit, it pairs perfectly with jeans, shorts, or layered looks for everyday ease.","Features: Essentials | Closure Type: Pullover Head | Fit: Regular Fit | Neckline: V Neck | Sleeve Length: Short Sleeve | Sleeve Style: Cap Sleeve | Apparel Length: 26 Inches - Front | Fiber Content: 100% Cotton | Fabric Description: Rib Knit | Care: Tumble Dry, Machine Wash | Certifications And Listings: Oeko-Tex Standard 100 | Material: Cotton | Oeko-Tex Standard 100 Label: Kl020 175227 | Oeko-Tex Standard 100 Test Institute: Testex Ag | Country of Origin: Imported",https://jcpenney.scene7.com/is/image/JCPenney/DP0507202615101577M | https://jcpenney.scene7.com/is/image/JCPenney/DP0801202507225797M | https://jcpenney.scene7.com/is/image/JCPenney/DP0507202615101681M | https://jcpenney.scene7.com/is/image/JCPenney/DP0801202507225589M | https://jcpenney.scene7.com/is/image/JCPenney/DP0801202507225693M
https://www.jcpenney.com/p/st-johns-bay-womens-boat-neck-elbow-sleeve-t-shirt/ppr5008584232?pTmplType=regular&searchTerm=tshirt,St. John's Bay Womens Boat Neck Elbow Sleeve T-Shirt,9.99,24.0,58.0,4.75,48,"Bold Blue , Americana Stripe , Black , White , Lindsay Green , Cabaret Red , Rose Valley , Alaskan  Blue , Dahlia Purple , Tropical Orchid , American Navy Strp , Laurel Wreath , Preppy Pink Stripe , Mint Crisp Stripe , Preppy Pink , Innocent Pink , Rose Garden","petite xx-large , petite medium , large , x-small , xx-large , petite small , petite x-small , petite large , x-large , small , petite x-large , medium",Switch up your essentials with this women's St. John's Bay t-shirt fitted with a bateau neckline and three-quarter sleeves. The cotton-jersey fabric makes every day wear comfortable and it's easy to pair with everything in your wardrobe.,"Closure Type: Pullover Head | Fit: Regular Fit | Neckline: Boat Neck | Sleeve Length: Elbow Sleeve | Apparel Length: 24 Inches | Fiber Content: 100% Cotton | Fabric Description: Knit | Care: Machine Wash, Tumble Dry | Material: Cotton | Country of Origin: Imported",https://jcpenney.scene7.com/is/image/JCPenney/DP0216202615030047M | https://jcpenney.scene7.com/is/image/JCPenney/DP1029202509042214M | https://jcpenney.scene7.com/is/image/JCPenney/DP1029202509042630M | https://jcpenney.scene7.com/is/image/JCPenney/DP1029202509043048M
https://www.jcpenney.com/p/liz-claiborne-womens-plus-crew-neck-short-sleeve-t-shirt/ppr5008625758?pTmplType=regular&searchTerm=tshirt,Liz Claiborne Womens Plus Crew Neck Short Sleeve T-Shirt,11.99,24.0,50.0,1.0,1,"Bold Blue , Peach Wip , Black , White , Cabaret Red , Signature Navy , Garden Green , Seagreen , Brunnera Blue , Stunning Orchid","4x , 3x , 5x , 0x , 2x , 1x",,"Closure Type: Pullover Head | Fit: Regular Fit | Neckline: Crew Neck | Sleeve Length: Short Sleeve | Sleeve Style: Fitted Sleeve | Apparel Length: 26.5 Inches | Fiber Content: 100% Cotton | Fabric Description: Rib Knit | Care: Tumble Dry, Machine Wash | Material: Knit | Country of Origin: Imported",https://jcpenney.scene7.com/is/image/JCPenney/DP1016202509082497M | https://jcpenney.scene7.com/is/image/JCPenney/DP1016202509081461M | https://jcpenney.scene7.com/is/image/JCPenney/DP1016202509081980M
https://www.jcpenney.com/p/alfred-dunner-womens-v-neck-3-4-sleeve-t-shirt/ppr5008594448?pTmplType=regular&searchTerm=tshirt,Alfred Dunner Womens V Neck 3/4 Sleeve T-Shirt,44.62,59.5,25%,,,White,"petite medium , large , petite small , petite large , x-large , small , petite x-large , medium","This Alfred Dunner women's t-shirt is a beautiful style to wear with jeans or pants for dinner with friends or family. Made from a cotton blend, this pullover tee has a v-neckline, chic embroidered flower and butterfly artwork, plus 3/4 sleeves.","Closure Type: Pullover Head | Fit: Regular Fit | Neckline: V Neck | Sleeve Length: 3/4 Sleeve | Apparel Length: 24.5 Inches | Fiber Content: 60% Cotton, 40% Polyester | Care: Tumble Dry, Machine Wash | Country of Origin: Imported",https://jcpenney.scene7.com/is/image/JCPenney/DP0130202607184353M | https://jcpenney.scene7.com/is/image/JCPenney/DP0130202607184563M | https://jcpenney.scene7.com/is/image/JCPenney/DP0130202607184248M | https://jcpenney.scene7.com/is/image/JCPenney/DP0130202607184458M
https://www.jcpenney.com/p/liz-claiborne-womens-tall-crew-neck-short-sleeve-t-shirt/ppr5008650445?pTmplType=regular&searchTerm=tshirt,Liz Claiborne Womens Tall Crew Neck Short Sleeve T-Shirt,11.99,24.0,50.0,,,"Bold Blue , Peach Whip , Black , White , Cabaret Red , Signature Navy , Garden Green , Seagreen , Brunnera Blue , Stunning Orchid","medium tall , large tall , small tall , xx-large tall , x-large tall",,"Closure Type: Pullover Head | Fit: Regular Fit | Neckline: Crew Neck | Sleeve Length: Short Sleeve | Sleeve Style: Fitted Sleeve | Apparel Length: 26 Inches | Fiber Content: 100% Cotton | Fabric Description: Rib Knit | Care: Machine Wash, Tumble Dry | Material: Cotton | Country of Origin: Imported",https://jcpenney.scene7.com/is/image/JCPenney/DP1223202511024054M | https://jcpenney.scene7.com/is/image/JCPenney/DP1223202511023016M | https://jcpenney.scene7.com/is/image/JCPenney/DP1223202511025090M
https://www.jcpenney.com/p/st-johns-bay-womens-plus-easy-on-easy-off-boat-neck-short-sleeve-adaptive-t-shirt/ppr5008584256?pTmplType=regular&searchTerm=tshirt,St. John's Bay Womens Plus Easy-on + Easy-off Boat Neck Short Sleeve Adaptive T-Shirt,17.99,32.0,43.0,4.0,2,"Black , White , Alaskan Blue , Rose Valley , Tropical Orchid","4x , 3x , 5x , 0x , 2x , 1x","Switch up your essentials with this adaptive women's plus St. John's Bay t-shirt fitted a wide bateau neckline for easy-on-and-off wear and three-quarter sleeves. Plus, the cotton-jersey fabric and tag-free design supports sensory issues for comfortable, every day wear.","Features: Adaptive | Closure Type: Pullover Head | Fit: Regular Fit | Neckline: Boat Neck | Sleeve Length: Short Sleeve | Apparel Length: 28 Inches - Front | Fiber Content: 100% Cotton | Fabric Description: Knit | Care: Machine Wash, Tumble Dry | Adaptive Features: Wide Neck, Flat Seams, Tag Free | Country of Origin: Imported",https://jcpenney.scene7.com/is/image/JCPenney/DP1029202509060114M | https://jcpenney.scene7.com/is/image/JCPenney/DP0204202607165533M | https://jcpenney.scene7.com/is/image/JCPenney/DP1030202509081342M | https://jcpenney.scene7.com/is/image/JCPenney/DP1029202509055071M | https://jcpenney.scene7.com/is/image/JCPenney/DP1029202509055592M
https://www.jcpenney.com/p/xersion-womens-seamless-crew-neck-long-sleeve-active-t-shirt/ppr5008549798?pTmplType=regular&searchTerm=tshirt,Xersion Womens Seamless Crew Neck Long Sleeve Active T-Shirt,22.0,44.0,50.0,5.0,1,"Normandy Blue , Black , Sweet Butter","large , x-small , xx-large , x-large , small , medium","Activate your workout with the style of this women's t-shirt from Xersion. Made from breathable stretch fabric with a textured design, it has a crew neck and long sleeves. Wear it with leggings or track pants.","Closure Type: Pullover Head | Fit: Athletic Fit | Neckline: Crew Neck | Sleeve Length: Long Sleeve | Apparel Length: 25.25 Inches | Fiber Content: 100% Nylon | Fabric Description: Circular Knit | Care: Machine Wash, Tumble Dry | Material: Nylon | Oeko-Tex Standard 100 Label: 11-69628 | Oeko-Tex Standard 100 Test Institute: Shirley Technologies Limited | Country of Origin: Imported",https://jcpenney.scene7.com/is/image/JCPenney/DP1203202509181998M | https://jcpenney.scene7.com/is/image/JCPenney/DP1203202509182103M | https://jcpenney.scene7.com/is/image/JCPenney/DP1203202509181894M
https://www.jcpenney.com/p/alfred-dunner-port-side-womens-crochet-crew-neck-t-shirt/ppr5008595572?pTmplType=regular&searchTerm=tshirt,Alfred Dunner Port Side Womens Crochet Crew Neck T-Shirt,69.5,69.5,0%,,,Navy,"small , large , x-large , medium","This Alfred Dunner Port Side women's crochet top is an on-trend essential for your warm-weather wardrobe. Made from a cotton blend, this short-sleeve t-shirt has an intricate two-tone crochet design with a bandana hem. Wear it with capris or jeans.","Features: Lined | Closure Type: Pullover Head | Fit: Regular Fit | Neckline: Crew Neck | Sleeve Length: Short Sleeve | Apparel Length: 24.5 Inches | Fiber Content: 60% Cotton, 40% Acrylic | Fabric Description: Crochet | Care: Machine Wash, Tumble Dry | Country of Origin: Imported",https://jcpenney.scene7.com/is/image/JCPenney/DP0313202615074431M | https://jcpenney.scene7.com/is/image/JCPenney/DP0313202615074536M | https://jcpenney.scene7.com/is/image/JCPenney/DP0313202615074745M | https://jcpenney.scene7.com/is/image/JCPenney/DP0313202615074327M
https://www.jcpenney.com/p/alfred-dunner-classics-womens-crew-neck-3-4-sleeve-t-shirt/ppr5008658477?pTmplType=regular&searchTerm=tshirt,Alfred Dunner Classics Womens Crew Neck 3/4 Sleeve T-Shirt,39.99,59.5,33%,5.0,2,"Blackmlt , Denim , Blkwht , Black , Blue","petite medium , large , petite small , petite large , x-large , small , petite x-large , medium","Striking geometric lines create a modern statement in this bold top. The classic crew neckline and three quarter sleeves keep the silhouette easy, while the sharkbite hemline drapes with graceful movement. Finished with a coordinating necklace, it blends artistic flair with polished detail.","Included: 1 Necklace(s) | Features: Removable Necklace | Closure Type: Pullover Head | Fit: Regular Fit | Neckline: Crew Neck | Sleeve Length: 3/4 Sleeve | Apparel Length: 24.5 Inches | Fiber Content: 95% Polyester, 5% Spandex | Fabric Description: Ity | Care: Machine Wash, Tumble Dry | Country of Origin: Imported",https://jcpenney.scene7.com/is/image/JCPenney/DP0116202609051193M | https://jcpenney.scene7.com/is/image/JCPenney/DP0116202609050986M | https://jcpenney.scene7.com/is/image/JCPenney/DP0116202609050779M
https://www.jcpenney.com/p/okie-dokie-toddler-little-girls-round-neck-short-sleeve-t-shirt/ppr5008552921?pTmplType=regular&searchTerm=tshirt,Okie Dokie Toddler & Little Girls Round Neck Short Sleeve T-Shirt,5.99,12.0,50.0,,,"Lavender Sky , Madison Pink , Frozen Yellow","4t , 5t , 18 months , 2t , 12 months , 3t","With its knotted front and vibrant yellow color, this Okie Dokie t-shirt for toddler and little girls is a fresh summery style go-to for her collection. The pullover tee is crafted from a soft jersey blend for a regular-fit and has a round neckline. Pair it with a denim skirt and sneakers.","Features: Knotted | Closure Type: Pullover Head | Fit: Regular Fit | Neckline: Round Neck | Sleeve Length: Short Sleeve | Sleeve Style: Fitted Sleeve | Fiber Content: 68% Polyester, 29% Rayon, 3% Spandex | Fabric Description: Jersey | Care: Tumble Dry, Machine Wash | Country of Origin: Imported",https://jcpenney.scene7.com/is/image/JCPenney/DP0929202509033434M | https://jcpenney.scene7.com/is/image/JCPenney/DP0929202509033538M
https://www.jcpenney.com/p/thereabouts-little-big-kid-girls-crew-neck-short-sleeve-embroidered-t-shirt/ppr5008671432?pTmplType=regular&searchTerm=tshirt,Thereabouts Little & Big Kid Girls Crew Neck Short Sleeve Embroidered T-Shirt,9.99,16.0,37.0,,,"Classic Coral , Crema , Jade Lime","3x-large (22.5) plus , x-large (18.5) plus , x-small (6-6x) , large (14) , small (7-8) , large (14.5/16.5) plus , xx-small (4-5) , x-large (16) , medium (10-12) , 2x-large (20.5) plus",,"Features: Embroidered, Bow | Closure Type: Pullover Head | Fit: Regular Fit | Neckline: Crew Neck | Sleeve Length: Short Sleeve | Apparel Length: 19 Inches - Front | Fiber Content: 58% Cotton, 39% Repreve Recycled Polyester, 3% Spandex | Fabric Description: Rib | Care: Machine Wash, Tumble Dry | Country of Origin: Imported",https://jcpenney.scene7.com/is/image/JCPenney/DP0210202611051843M | https://jcpenney.scene7.com/is/image/JCPenney/DP0210202611051948M
https://www.jcpenney.com/p/alfred-dunner-natural-wonder-womens-crew-neck-3-4-sleeve-t-shirt/ppr5008595571?pTmplType=regular&searchTerm=tshirt,Alfred Dunner Natural Wonder Womens Crew Neck 3/4 Sleeve T-Shirt,44.62,59.5,25%,,,White,"petite medium , large , petite small , petite large , x-large , small , petite x-large , medium","This Alfred Dunner women's Natural Wonder t-shirt equals instant class for summery occasions. Made from a cotton blend, this tee has an embroidered leaf pattern, scalloped hems and eyelet trims for subtle boho chic. Wear it with capri pants or jeans.","Fit: Regular Fit | Neckline: Crew Neck | Sleeve Length: 3/4 Sleeve | Sleeve Style: Bell Sleeve | Apparel Length: 24.5 Inches | Fiber Content: 60% Cotton, 40% Polyester | Care: Tumble Dry, Machine Wash | Country of Origin: Imported",https://jcpenney.scene7.com/is/image/JCPenney/DP0313202613172833M | https://jcpenney.scene7.com/is/image/JCPenney/DP0313202613173041M | https://jcpenney.scene7.com/is/image/JCPenney/DP0313202613173146M | https://jcpenney.scene7.com/is/image/JCPenney/DP0313202613172936M
https://www.jcpenney.com/p/thereabouts-little-big-kid-girls-crew-neck-short-sleeve-boxy-fit-graphic-t-shirt/ppr5008640489?pTmplType=regular&searchTerm=tshirt,Thereabouts Little & Big Kid Girls Crew Neck Short Sleeve Boxy Fit Graphic T-Shirt,6.99,12.0,41.0,4.7895,19,"Lemon Drop , Butterflies , Green Ocean , Girl Dinner , Cherry Soda Stripe , Black Dolphin , Gray Blue , Blue Cat , White Stripe , Mint Lemon , Seaside Dreams , Sun Chaser","3x-large (22.5) plus , x-large (18.5) plus , x-small (6-6x) , large (14) , small (7-8) , large (14.5/16.5) plus , xx-small (4-5) , x-large (16) , medium (10-12) , 2x-large (20.5) plus","The Thereabouts little and big girl’s graphic T-shirt comes in a smooth jersey fabric with a crew neckline and short sleeves. The tag-free design and boxy shape keep it relaxed and easy to wear all day. Finished with a bold graphic, it goes well with denim, shorts, or leggings.","Features: Tag Free | Closure Type: Pullover Head | Fit: Boxy Fit | Neckline: Crew Neck | Sleeve Length: Short Sleeve | Apparel Length: 22 Inches | Fiber Content: 60% Cotton, 40% Repreve Recycled Polyester | Fabric Description: Jersey | Care: Tumble Dry, Machine Wash | Country of Origin: Imported",https://jcpenney.scene7.com/is/image/JCPenney/DP1210202515073382M | https://jcpenney.scene7.com/is/image/JCPenney/DP0112202607042873M | https://jcpenney.scene7.com/is/image/JCPenney/DP0113202607063196M | https://jcpenney.scene7.com/is/image/JCPenney/DP1210202515073274M
https://www.jcpenney.com/p/thereabouts-little-big-kid-girls-round-neck-short-sleeve-t-shirt/ppr5008546139?pTmplType=regular&searchTerm=tshirt,Thereabouts Little & Big Kid Girls Round Neck Short Sleeve T-Shirt,9.99,16.0,37.0,1.0,1,"Black Floral , White , Lemon Yellow , Pink Pop","3x-large (22.5) plus , x-large (18.5) plus , x-small (6-6x) , large (14) , small (7-8) , large (14.5/16.5) plus , xx-small (4-5) , x-large (16) , medium (10-12) , 2x-large (20.5) plus","This Thereabouts little and big girls’ t-shirt is a dependable staple for her everyday casual wardrobe. It features a comfortable regular fit and a round neck with short sleeves. Tuck it into a high-waisted denim skirt and add canvas sneakers for a classic, effortless look.","Closure Type: Pullover Head | Fit: Regular Fit | Neckline: Round Neck | Sleeve Length: Short Sleeve | Fiber Content: 60% Cotton, 40% Repreve Recycled Polyester | Fabric Description: Rib | Care: Tumble Dry, Machine Wash | Country of Origin: Imported",https://jcpenney.scene7.com/is/image/JCPenney/DP0302202615022929M | https://jcpenney.scene7.com/is/image/JCPenney/DP0421202607041814M | https://jcpenney.scene7.com/is/image/JCPenney/DP0302202615023034M
https://www.jcpenney.com/p/ana-womens-crew-neck-short-sleeve-t-shirt/ppr5008610118?pTmplType=regular&searchTerm=tshirt,a.n.a Womens Crew Neck Short Sleeve T-Shirt,14.99,22.0,32%,3.8889,9,"Gold Dust , French Vanilla , White , Celestial Blue","large , x-small , xx-large , x-large , small , medium","Essential and easy to style, this women's t-shirt from a.n.a is made from soft cotton-knit with a classic crew neck, raglan short sleeves, and lettuce-trimmed hem. This versatile tee pairs with everything from denim shorts to mini skirts.","Closure Type: Pullover Head | Fit: Regular Fit | Neckline: Crew Neck | Sleeve Length: Short Sleeve | Sleeve Style: Raglan Sleeve | Apparel Length: 24 Inches | Fiber Content: 100% Cotton | Fabric Description: Knit | Care: Machine Wash, Tumble Dry | Material: Jersey | Country of Origin: Imported",https://jcpenney.scene7.com/is/image/JCPenney/DP0116202609075829M | https://jcpenney.scene7.com/is/image/JCPenney/DP0116202609075725M | https://jcpenney.scene7.com/is/image/JCPenney/DP0116202609075621M
https://www.jcpenney.com/p/xersion-mens-crew-neck-short-sleeve-quick-dry-active-big-and-tall-t-shirt/ppr5008670544?pTmplType=regular&searchTerm=tshirt,Xersion Mens Crew Neck Short Sleeve Quick Dry Active Big and Tall T-Shirt,14.99,34.0,56.0,4.5,2,"Gauntlet Gray , Black , Empire Yellow , Blue Promise , Steel Blue","6x-large , medium tall , 2x-large , large tall , 2x-large tall , 4x-large tall , 5x-large , 3x-large tall , 4x-large , x-large tall , 5x-large tall , 3x-large","The Xersion men’s t-shirt fuels your most intense workouts with effortless style. It features moisture-wicking technology, quick-dry fabric, and a crew neck design. The short sleeve silhouette and pullover head closure provide a versatile, performance-ready fit. Pair it with mesh shorts for a high-energy training session.","Features: Quick Dry, Moisture Wicking | Closure Type: Pullover Head | Fit: Regular Fit | Neckline: Crew Neck | Sleeve Length: Short Sleeve | Apparel Length: 28.5 Inches | Fiber Content: 92% Polyester, 8% Spandex | Fabric Description: Mesh | Care: Machine Wash, Tumble Dry | Country of Origin: Imported",https://jcpenney.scene7.com/is/image/JCPenney/DP1208202511092885M | https://jcpenney.scene7.com/is/image/JCPenney/DP1208202511092675M | https://jcpenney.scene7.com/is/image/JCPenney/DP1208202511092780M
https://www.jcpenney.com/p/gloria-vanderbilt-womens-short-sleeve-t-shirt/ppr5008679586?pTmplType=regular&searchTerm=tshirt,Gloria Vanderbilt Womens Short Sleeve T-Shirt,24.5,35.0,30%,,,"Vintage White , Artisan Blue","small , large , x-large , medium","This Gloria Vanderbilt women's t-shirt is a classic capsule piece for your everyday wardrobe you can wear with anything. Made from a cotton blend, this pullover tee has a close-fit with a split crew neckline and short sleeves. Wear it with jeans or shorts.","Closure Type: Button & Zipper | Fit: Regular Fit | Sleeve Length: Short Sleeve | Apparel Length: 24.25 Inches | Fiber Content: 95% Cotton, 5% Spandex | Care: Tumble Dry, Machine Wash | Country of Origin: Imported",https://jcpenney.scene7.com/is/image/JCPenney/DP0309202617031933M | https://jcpenney.scene7.com/is/image/JCPenney/DP0309202617032037M | https://jcpenney.scene7.com/is/image/JCPenney/DP0309202617032141M
https://www.jcpenney.com/p/ana-womens-plus-scoop-neck-short-sleeve-t-shirt/ppr5008205338?pTmplType=regular&searchTerm=tshirt,a.n.a Womens Plus Scoop Neck Short Sleeve T-Shirt,7.99,18.0,55.0,4.359,78,"Faded Denim , Black , White , Oregano , Grey Heather","4x , 3x , 5x , 0x , 2x , 1x","An everyday t-shirt is essential for every wardrobe to pair with everything, whether worn under a blazer or alone with jeans. This scoop-neck women's short-sleeve tee from a.n.a's plus collection is made from a super-soft jersey with a curved hem for easy layering.","Features: Essentials | Closure Type: Pullover Head | Fit: Regular Fit | Neckline: Scoop Neck | Sleeve Length: Short Sleeve | Sleeve Style: Cap Sleeve | Apparel Length: 29 Inches | Fiber Content: 70% Rayon, 30% Polyester | Fabric Description: Jersey | Care: Machine Wash, Tumble Dry | Material: Rayon Blend | Country of Origin: Imported",https://jcpenney.scene7.com/is/image/JCPenney/DP0313202517034225M | https://jcpenney.scene7.com/is/image/JCPenney/DP0313202517034432M | https://jcpenney.scene7.com/is/image/JCPenney/DP0313202517034328M
https://www.jcpenney.com/p/liz-claiborne-womens-plus-v-neck-short-sleeve-t-shirt/ppr5008625961?pTmplType=regular&searchTerm=tshirt,Liz Claiborne Womens Plus V Neck Short Sleeve T-Shirt,11.99,24.0,50.0,2.0,1,"Bold Blue , Mayfair Rose , Black , Golden Sunrise , White , Signature Navy , Coral Haze , Garden Green , Seagreen , Costal Beige , Raspberry Sorbet , Brunnera Blue","4x , 3x , 5x , 0x , 2x , 1x","Stock up on everyday essentials with this classic Liz Claiborne women's plus v-neck t-shirt. Made from 100% cotton, it has short sleeves and a classic-fit. Wear it with shorts, jeans or a skirt.","Closure Type: Pullover Head | Fit: Regular Fit | Neckline: V Neck | Sleeve Length: Short Sleeve | Sleeve Style: Fitted Sleeve | Apparel Length: 26.5 Inches | Fiber Content: 100% Cotton | Fabric Description: Rib | Care: Machine Wash, Tumble Dry | Country of Origin: Imported",https://jcpenney.scene7.com/is/image/JCPenney/DP0218202609091773M | https://jcpenney.scene7.com/is/image/JCPenney/DP0218202609091563M | https://jcpenney.scene7.com/is/image/JCPenney/DP0218202609091668M
https://www.jcpenney.com/p/stylus-womens-plus-crew-neck-short-sleeve-t-shirt/ppr5008582720?pTmplType=regular&searchTerm=tshirt,Stylus Womens Plus Crew Neck Short Sleeve T-Shirt,27.99,40.0,30%,4.0,1,"Cedarwood , Black , Navy Platoon , Spanish Brown , Gardenia , Laurel Wreath , Twilight Mauve","3x , 2x , 1x","The modal fabric gives this women's t-shirt from Stylus a super-soft silky feel- you'll want to wear it every day. It features a crew neckline, dolman short sleeves, and a curved hem for easy layering.","Closure Type: Pullover Head | Fit: Regular Fit | Neckline: Crew Neck | Sleeve Length: Short Sleeve | Sleeve Style: Dolman Sleeve | Apparel Length: 29 Inches - Front | Fiber Content: 68% Modal, 32% Polyester | Fabric Description: Pique | Care: Tumble Dry, Machine Wash | Material: Cotton Blend | Country of Origin: Imported",https://jcpenney.scene7.com/is/image/JCPenney/DP1207202309140340M | https://jcpenney.scene7.com/is/image/JCPenney/DP1207202309140237M | https://jcpenney.scene7.com/is/image/JCPenney/DP1207202309140443M
https://www.jcpenney.com/p/alfred-dunner-crowd-pleaser-womens-u-neck-3-4-sleeve-t-shirt/ppr5008595593?pTmplType=regular&searchTerm=tshirt,Alfred Dunner Crowd Pleaser Womens U Neck 3/4 Sleeve T-Shirt,44.62,59.5,25%,,,Black/white,"petite medium , large , petite small , petite large , x-large , small , petite x-large , medium","Put your best foot forward on the style front wearing this elegant Alfred Dunner women's t-shirt. Featuring a grid design with multiple prints, this unique top has a crew neck, a removable beaded necklace for added glamour and 3/4 sleeves. Wear it with capris or jeans.","Closure Type: Pullover Head | Fit: Regular Fit | Neckline: U Neck | Sleeve Length: 3/4 Sleeve | Apparel Length: 24.5 Inches | Fiber Content: 95% Polyester, 5% Spandex | Care: Machine Wash, Tumble Dry | Country of Origin: Imported",https://jcpenney.scene7.com/is/image/JCPenney/DP0313202613150317M | https://jcpenney.scene7.com/is/image/JCPenney/DP0313202613150212M | https://jcpenney.scene7.com/is/image/JCPenney/DP0313202613150106M
https://www.jcpenney.com/p/ana-womens-tall-crew-neck-short-sleeve-t-shirt/ppr5008610173?pTmplType=regular&searchTerm=tshirt,a.n.a Womens Tall Crew Neck Short Sleeve T-Shirt,7.99,20.0,60.0,,,"Faded Denim , Burlwood , Rose Smoke , Black , White , Cortez Red , Dusky Green , Sea Mint","medium tall , large tall , small tall , xx-large tall , x-large tall","This a.n.a women's tall t-shirt is an everyday wardrobe classic made from 100% cotton. It has a crew neck and short sleeves, as well as a relaxed-fit for added comfort. Wear it with shorts or skinny jeans.","Features: Essentials | Closure Type: Pullover Head | Fit: Regular Fit | Neckline: Crew Neck | Sleeve Length: Short Sleeve | Sleeve Style: Drop-Shoulder Sleeve | Apparel Length: 26.25 Inches | Fiber Content: 100% Cotton | Fabric Description: Jersey | Care: Tumble Dry, Machine Wash | Material: Cotton | Country of Origin: Imported",https://jcpenney.scene7.com/is/image/JCPenney/DP1106202509005581M | https://jcpenney.scene7.com/is/image/JCPenney/DP1106202509005999M | https://jcpenney.scene7.com/is/image/JCPenney/DP1106202509005791M
https://www.jcpenney.com/p/alfred-dunner-womens-split-crew-neck-3-4-sleeve-t-shirt/ppr5008594438?pTmplType=regular&searchTerm=tshirt,Alfred Dunner Womens Split Crew Neck 3/4 Sleeve T-Shirt,44.62,59.5,25%,,,Pink Multi,"petite medium , large , petite small , petite large , x-large , small , petite x-large , medium","This Alfred Dunner women's t-shirt is a bright stylish winner for warmer days. Made from a cotton blend in an eye-catching pink tone, this peasant inspired tee has contrast embroidered stitching in an intricate pattern along the split crew neckline, which comes embellished with beads, plus 3/4 sleeves. Wear it with capri pants or jeans.","Closure Type: Pullover Head | Fit: Regular Fit | Neckline: Split Crew Neck | Sleeve Length: 3/4 Sleeve | Apparel Length: 24.5 Inches | Fiber Content: 60% Cotton, 40% Polyester | Care: Machine Wash, Tumble Dry | Country of Origin: Imported",https://jcpenney.scene7.com/is/image/JCPenney/DP0130202607173177M | https://jcpenney.scene7.com/is/image/JCPenney/DP0130202607173386M | https://jcpenney.scene7.com/is/image/JCPenney/DP0130202607173072M | https://jcpenney.scene7.com/is/image/JCPenney/DP0130202607173281M
https://www.jcpenney.com/p/liz-claiborne-womens-plus-boat-neck-short-sleeve-t-shirt/ppr5008671363?pTmplType=regular&searchTerm=tshirt,Liz Claiborne Womens Plus Boat Neck Short Sleeve T-Shirt,17.99,38.0,52.0,5.0,2,"Oatmeal Heather , Cab Red , Blue Yonder , Stone Heather , Seagreen","4x , 3x , 5x , 0x , 2x , 1x","The Liz Claiborne women’s plus t‑shirt offers a clean, easygoing essential designed for everyday comfort. Styled with a boat neckline, short, fitted sleeves, and a relaxed silhouette, it provides a simple, versatile option that works well on its own or layered into casual looks.","Closure Type: Pullover Head | Fit: Regular Fit | Neckline: Boat Neck | Sleeve Length: Short Sleeve | Sleeve Style: Fitted Sleeve | Apparel Length: 26.5 Inches | Fiber Content: 58% Cotton, 39% Polyester, 3% Spandex | Fabric Description: Rib | Care: Tumble Dry, Machine Wash | Country of Origin: Imported",https://jcpenney.scene7.com/is/image/JCPenney/DP1222202509140262M | https://jcpenney.scene7.com/is/image/JCPenney/DP1222202509140366M | https://jcpenney.scene7.com/is/image/JCPenney/DP1222202509140469M
https://www.jcpenney.com/p/nike-club-embroidered-logo-mens-crew-neck-short-sleeve-active-big-and-tall-t-shirt/ppr5008516548?pTmplType=regular&searchTerm=tshirt,Nike Club Embroidered Logo Mens Crew Neck Short Sleeve Active Big and Tall T-Shirt,25.6,32.0,20.0,3.5647,85,"Lt Khaki , Black , Dk Grey Htr , Barely Green , Ghost , Tattoo , Hydrogen Blue , Midnight Navy","medium tall , large tall , 2x-large tall , 4x-large tall , 3x-large tall , 4x-large , x-large tall , 3x-large",The Nike Sportswear Club T-Shirt is made with our everyday cotton fabric and a classic fit for a familiar feel right out of the bag. An embroidered Futura logo on the chest provides a signature Nike look.  The classic fit tee silhouette is relaxed through the body and hips.  Everyday cotton fabric feels soft and lightweight.,"Features: Embroidered | Closure Type: Pullover Head | Fit: Regular Fit | Neckline: Crew Neck | Sleeve Length: Short Sleeve | Apparel Length: 29 Inches | Fiber Content: 100% Cotton | Fabric Description: Jersey | Care: Tumble Dry, Machine Wash | Material: Cotton | Country of Origin: Imported",https://jcpenney.scene7.com/is/image/JCPenney/DP0610202507344621M | https://jcpenney.scene7.com/is/image/JCPenney/DP0610202507345039M | https://jcpenney.scene7.com/is/image/JCPenney/DP0610202507345457M
https://www.jcpenney.com/p/thereabouts-little-big-kid-girls-crew-neck-short-sleeve-classic-fit-graphic-t-shirt/ppr5008640487?pTmplType=regular&searchTerm=tshirt,Thereabouts Little & Big Kid Girls Crew Neck Short Sleeve Classic Fit Graphic T-Shirt,6.99,12.0,41.0,4.6733,101,"Sail Cat , Crema Sardines , Pearl Pink , Pink Aloha , Beads , Black Postage , Purple Raspberry , Root Beer , Blue Ocean Heart , Ice Cream , Purple Sun Daze , Blue Gulls","3x-large (22.5) plus , x-large (18.5) plus , x-small (6-6x) , large (14) , small (7-8) , large (14.5/16.5) plus , xx-small (4-5) , x-large (16) , medium (10-12) , 2x-large (20.5) plus","Add fun to everyday outfits with this Thereabouts little and big girls' graphic t-shirt, made from soft recycled cotton-jersey. Designed with a crew neck and short sleeves, this tee offers a comfortable classic fit, while the adorable dog graphic adds personality. Wear it with pants or jeans.","Features: Tag Free | Closure Type: Pullover Head | Fit: Classic Fit | Neckline: Crew Neck | Sleeve Length: Short Sleeve | Apparel Length: 22 Inches | Fiber Content: 60% Cotton, 40% Repreve Recycled Polyester | Fabric Description: Jersey | Care: Machine Wash, Tumble Dry | Country of Origin: Imported",https://jcpenney.scene7.com/is/image/JCPenney/DP0422202607185945M | https://jcpenney.scene7.com/is/image/JCPenney/DP0113202607062369M | https://jcpenney.scene7.com/is/image/JCPenney/DP0909202511010375M | https://jcpenney.scene7.com/is/image/JCPenney/DP0909202511010270M | https://jcpenney.scene7.com/is/image/JCPenney/DP1205202507154840M
https://www.jcpenney.com/p/nike-womens-crew-neck-short-sleeve-active-t-shirt/ppr5008656941?pTmplType=regular&searchTerm=tshirt,Nike Womens Crew Neck Short Sleeve Active T-Shirt,11.99,30.0,60.0,3.0,2,"Rose Gold White , Green Abyss White , Med Soft Pink Whi , Pale Ivory Black , Playful Pink , Cannon White","large , xx-large , x-large , small , medium","This women’s active t-shirt from Nike keeps performance effortless with a crew neckline and short sleeves. Made from soft, breathable fabric, this pullover tee can be paired with high-rise leggings or layered under a hoodie post-gym.","Closure Type: Pullover Head | Fit: Regular Fit | Neckline: Crew Neck | Sleeve Length: Short Sleeve | Fiber Content: 100% Cotton | Fabric Description: Cotton/Polyester | Lining Material: Cotton | Care: Machine Wash, Tumble Dry | Material: Cotton | Country of Origin: Imported",https://jcpenney.scene7.com/is/image/JCPenney/DP0614202509060493M | https://jcpenney.scene7.com/is/image/JCPenney/DP0614202509060388M | https://jcpenney.scene7.com/is/image/JCPenney/DP0502202511210319M | https://jcpenney.scene7.com/is/image/JCPenney/DP0614202509060285M | https://jcpenney.scene7.com/is/image/JCPenney/DP0614202509060181M | https://jcpenney.scene7.com/is/image/JCPenney/DP0502202511210113M | https://jcpenney.scene7.com/is/image/JCPenney/DP0614202509060598M
https://www.jcpenney.com/p/ana-womens-henley-neck-long-sleeve-t-shirt/ppr5008506239?pTmplType=regular&searchTerm=tshirt,a.n.a Womens Henley Neck Long Sleeve T-Shirt,6.39,32.0,80.0,4.3462,26,"Birch , Brownie , Black , Pine Green , Crm Blk Stripe , New Orleans Red","petite xx-large , large , xx-large , petite large , x-large , petite x-large","This a.n.a women's long-sleeve t-shirt is a comfy, stretchy go-to for everyday wear. Made from ribbed fabric for a regular-fit, it features a classic henley button neckline. Pair with jeans and sneakers for an easy weekend look.","Fit: Regular Fit | Neckline: Henley Neck | Sleeve Length: Long Sleeve | Apparel Length: 25 Inches | Fiber Content: 62% Polyester, 34% Rayon, 4% Spandex | Fabric Description: Rib | Care: Machine Wash, Tumble Dry | Material: Fabric | Country of Origin: Imported",https://jcpenney.scene7.com/is/image/JCPenney/DP0530202511081882M | https://jcpenney.scene7.com/is/image/JCPenney/DP0530202511082091M | https://jcpenney.scene7.com/is/image/JCPenney/DP0530202511081673M
https://www.jcpenney.com/p/alfred-dunner-austin-womens-round-neck-3-4-sleeve-t-shirt/ppr5008551091?pTmplType=regular&searchTerm=tshirt,Alfred Dunner Austin Womens Round Neck 3/4 Sleeve T-Shirt,44.62,59.5,25%,,,Azalea,"petite medium , large , petite small , petite large , x-large , small , petite x-large , medium","This Alfred Dunner women's Austin t-shirt features a vibrant painterly flower design for chic everyday styling. Made from soft stretch-knit, it has a scalloped neckline with cut-outs and rhinestone embellishments, plus 3/4 sleeves. Style it with jeans or pants.","Closure Type: Pullover Head | Fit: Regular Fit | Neckline: Round Neck | Sleeve Length: 3/4 Sleeve | Apparel Length: 24.5 Inches | Fiber Content: 95% Cotton, 5% Spandex | Fabric Description: Knit | Care: Tumble Dry, Machine Wash | Country of Origin: Imported",https://jcpenney.scene7.com/is/image/JCPenney/DP1217202509084383M | https://jcpenney.scene7.com/is/image/JCPenney/DP1217202509084072M | https://jcpenney.scene7.com/is/image/JCPenney/DP1217202509083969M | https://jcpenney.scene7.com/is/image/JCPenney/DP1217202509084176M
https://www.jcpenney.com/p/arizona-womens-juniors-crew-neck-short-sleeve-oversized-graphic-t-shirt/ppr5008584821?pTmplType=regular&searchTerm=tshirt,Arizona Womens Juniors Crew Neck Short Sleeve Oversized Graphic T-Shirt,15.99,24.0,33.0,5.0,4,"Geranium Malibu , Slr Blue Boathouse , Lemon Strawberry , Jade Berries , Blue New England , Pink Collage , Gray Rockport , Red 92","large , x-small , xx-large , xx-small , x-large , small , medium , 3x-large","This oversized graphic t-shirt from the Arizona women's and junior's collection is ideal for cozy, comfortable lounging at home or weekend hangs. Made from soft cotton-jersey, it has a crew neck and short sleeves. Wear it with leggings or jeans.","Closure Type: Pullover Head | Fit: Oversized Fit | Neckline: Crew Neck | Sleeve Length: Short Sleeve | Apparel Length: 28.5 Inches | Fiber Content: 100% Cotton | Fabric Description: Jersey | Care: Tumble Dry, Machine Wash | Material: Cotton | Country of Origin: Imported",https://jcpenney.scene7.com/is/image/JCPenney/DP1103202511053987M | https://jcpenney.scene7.com/is/image/JCPenney/DP1103202511053882M | https://jcpenney.scene7.com/is/image/JCPenney/DP1103202511053777M
https://www.jcpenney.com/p/liz-claiborne-womens-tall-boat-neck-short-sleeve-blouse/ppr5008625679?pTmplType=regular&searchTerm=tshirt,Liz Claiborne Womens Tall Boat Neck Short Sleeve Blouse,17.99,38.0,52.0,,,"White , Blue Yonder , Stone Heather , Signature Navy , Cabaret Red , Seagreen , Coffee , Stunning Orchid","medium tall , large tall , small tall , xx-large tall , x-large tall",,"Closure Type: Pullover Head | Fit: Regular Fit | Neckline: Boat Neck | Sleeve Length: Short Sleeve | Sleeve Style: Fitted Sleeve | Apparel Length: 25.25 Inches | Fiber Content: 58% Cotton, 39% Polyester, 3% Spandex | Fabric Description: Rib | Care: Machine Wash, Tumble Dry | Country of Origin: Imported",https://jcpenney.scene7.com/is/image/JCPenney/DP1202202513060710M | https://jcpenney.scene7.com/is/image/JCPenney/DP1202202513055874M | https://jcpenney.scene7.com/is/image/JCPenney/DP1202202513060291M
https://www.jcpenney.com/p/ana-womens-tall-v-neck-short-sleeve-t-shirt/ppr5008610174?pTmplType=regular&searchTerm=tshirt,a.n.a Womens Tall V Neck Short Sleeve T-Shirt,7.99,20.0,60.0,,,"Coral Frost , Hawthorn Rose , Birchwood , Black , Med Heather Grey , White , White Stripe , Navy Stripe","medium tall , large tall , small tall , xx-large tall , x-large tall","The simple design of this women's tall a.n.a t-shirt effortlessly adds everyday style to your essential collection. Made from soft cotton-jersey, it has a V-neckline and short sleeves. Wear this versatile tee with everything in your wardrobe.","Features: Essentials | Closure Type: Pullover Head | Fit: Regular Fit | Neckline: V Neck | Sleeve Length: Short Sleeve | Sleeve Style: Drop-Shoulder Sleeve | Apparel Length: 26 Inches | Fiber Content: 100% Cotton | Fabric Description: Jersey | Care: Machine Wash, Tumble Dry | Material: Jersey | Country of Origin: Imported",https://jcpenney.scene7.com/is/image/JCPenney/DP0114202613031418M | https://jcpenney.scene7.com/is/image/JCPenney/DP0114202613031521M | https://jcpenney.scene7.com/is/image/JCPenney/DP0114202613031625M
https://www.jcpenney.com/p/st-johns-bay-womens-easy-on-easy-off-v-neck-3-4-sleeve-adaptive-t-shirt/ppr5008551881?pTmplType=regular&searchTerm=tshirt,St. John's Bay Womens Easy-on + Easy-off V Neck 3/4 Sleeve Adaptive T-Shirt,15.99,20.0,20%,5.0,1,"American Navy , Black , White , Cabaret Red , Oregano , Preppy Pink , Tropic Blue , Tropical Orchid","large , x-small , xx-large , x-large , small , medium","The St. John’s Bay women’s t-shirt brings a thoughtful, easy-going touch to your daily basics. This pullover features a V-neckline, 3/4 sleeves, and a tag-free design. Crafted with flat seams and a wide neck for smooth, all-day comfort, its regular fit makes it a reliable essential when layered under a light cardigan for a morning walk.","Features: Adaptive, Essentials | Closure Type: Pullover Head | Fit: Regular Fit | Neckline: V Neck | Sleeve Length: 3/4 Sleeve | Apparel Length: 26 Inches | Fiber Content: 100% Cotton | Fabric Description: Rib Knit | Care: Tumble Dry, Machine Wash | Certifications And Listings: Oeko-Tex Standard 100 | Adaptive Features: Tag Free, Flat Seams, Wide Neck | Material: Cotton | Oeko-Tex Standard 100 Label: Kl020 178692 | Oeko-Tex Standard 100 Test Institute: Testex Ag | Country of Origin: Imported",https://jcpenney.scene7.com/is/image/JCPenney/DP1002202509032127M | https://jcpenney.scene7.com/is/image/JCPenney/DP1002202509031918M | https://jcpenney.scene7.com/is/image/JCPenney/DP0102202605531464M | https://jcpenney.scene7.com/is/image/JCPenney/DP1001202509024100M | https://jcpenney.scene7.com/is/image/JCPenney/DP1002202509032335M
https://www.jcpenney.com/p/arizona-mens-v-neck-short-sleeve-t-shirt/ppr5008412009?pTmplType=regular&searchTerm=tshirt,Arizona Mens V Neck Short Sleeve T-Shirt,5.99,12.0,50.0,4.3509,57,"French Bread , Black , Navy Shadow , White , Kidney Bean , Smoked Pearl","large , xx-large , x-small , x-large , small , medium","Line your wardrobe with comfortable essentials like this men's Arizona Jeans Co. t-shirt. Made from soft cotton-jersey with recycled fabric, it has a v-neckline and short sleeves.","Closure Type: Pullover Head | Fit: Regular Fit | Neckline: V Neck | Sleeve Length: Short Sleeve | Apparel Length: 28.5 Inches | Fiber Content: 60% Cotton, 40% Recycled Polyester | Fabric Description: Jersey | Care: Machine Wash, Tumble Dry | Country of Origin: Imported",https://jcpenney.scene7.com/is/image/JCPenney/DP0329202413035690M | https://jcpenney.scene7.com/is/image/JCPenney/DP0329202413035484M | https://jcpenney.scene7.com/is/image/JCPenney/DP0329202413035999M
https://www.jcpenney.com/p/arizona-mens-v-neck-short-sleeve-t-shirt/ppr5008637794?pTmplType=regular&searchTerm=tshirt,Arizona Mens V Neck Short Sleeve T-Shirt,5.99,12.0,50.0,4.3509,57,"Brown Heather , Bering Sea , Rose Smoke , Texoma Wheat , Azure Blue , Trellis Green","large , xx-large , x-large , small , medium","Safely designed from cotton-knit with REPREVE recylced fabric, this men's pullover t-shirt from Arizona Jeans Co. has a V-neck and short sleeves. Pair this essential with everything from jeans to a blazer and tailored pants.","Closure Type: Pullover Head | Fit: Regular Fit | Neckline: V Neck | Sleeve Length: Short Sleeve | Apparel Length: 28.5 Inches | Fiber Content: 60% Cotton, 40% Repreve Recycled Polyester | Fabric Description: Jersey | Care: Tumble Dry, Machine Wash | Material: Cotton Blend | Country of Origin: Imported",https://jcpenney.scene7.com/is/image/JCPenney/DP1212202511051890M | https://jcpenney.scene7.com/is/image/JCPenney/DP1212202511051681M | https://jcpenney.scene7.com/is/image/JCPenney/DP1212202511051786M
https://www.jcpenney.com/p/st-johns-bay-super-soft-mens-crew-neck-short-sleeve-big-and-tall-t-shirt/ppr5008537309?pTmplType=regular&searchTerm=tshirt,St. John's Bay Super Soft Mens Crew Neck Short Sleeve Big and Tall T-Shirt,12.99,25.0,48.0,4.5733,382,"Nav Green Htr , True Navy Htr , Blue Coral Sdh , Magenta Plum , Buttercup , Dark Ivy Sdh","6x-large , medium tall , 2x-large , large tall , 2x-large tall , 4x-large tall , 5x-large , 3x-large tall , 4x-large , x-large tall , 5x-large tall , 1x-large tall , 3x-large","Stock up on everyday wardrobe essentials with this St. John's Bay men's big and tall super-soft t-shirt. Made from soft cotton-jersey, this pullover tee has a classic-fit, a crew neck and short sleeves. Wear it with jeans, shorts or pants.","Closure Type: Pullover Head | Fit: Classic Fit | Neckline: Crew Neck | Sleeve Length: Short Sleeve | Fiber Content: 60% Cotton, 40% Polyester | Fabric Description: Jersey | Care: Tumble Dry, Machine Wash | Country of Origin: Imported",https://jcpenney.scene7.com/is/image/JCPenney/DP0819202513051549M | https://jcpenney.scene7.com/is/image/JCPenney/DP0819202513051444M | https://jcpenney.scene7.com/is/image/JCPenney/DP0819202513051654M
https://www.jcpenney.com/p/nike-womens-crew-neck-short-sleeve-active-t-shirt/ppr5008532185?pTmplType=regular&searchTerm=tshirt,Nike Womens Crew Neck Short Sleeve Active T-Shirt,11.99,30.0,60.0,5.0,1,"Rose Gold White , Birch Heather Bla , Black White , Cannon White , Burgundy Crush Whi","large , xx-large , x-large , small , medium","Nike Sportswear Women's Short-Sleeve T-Shirt. Everyday cotton fabric feels soft and lightweight. Our most popular fit, this comfortable style is perfect for everyday wear. More Details: Body: 100% Cotton, Machine wash, Imported.","Closure Type: Pullover Head | Fit: Regular Fit | Neckline: Crew Neck | Sleeve Length: Short Sleeve | Fiber Content: 100% Cotton | Fabric Description: Cotton/Polyester | Lining Material: Cotton | Care: Machine Wash, Tumble Dry | Material: Cotton | Country of Origin: Imported",https://jcpenney.scene7.com/is/image/JCPenney/DP0522202507112765M | https://jcpenney.scene7.com/is/image/JCPenney/DP0522202507112975M | https://jcpenney.scene7.com/is/image/JCPenney/DP0617202513043669M | https://jcpenney.scene7.com/is/image/JCPenney/DP0617202513043879M | https://jcpenney.scene7.com/is/image/JCPenney/DP0617202513044086M | https://jcpenney.scene7.com/is/image/JCPenney/DP0617202513043983M | https://jcpenney.scene7.com/is/image/JCPenney/DP0716202513083976M | https://jcpenney.scene7.com/is/image/JCPenney/DP0522202507112870M
https://www.jcpenney.com/p/worthington-womens-crew-neck-short-sleeve-t-shirt/ppr5008600123?pTmplType=regular&searchTerm=tshirt,Worthington Womens Crew Neck Short Sleeve T-Shirt,14.99,34.0,56.0,5.0,2,"Black , Silver Pink , Polar Bear , Natural Taupe , Olive Mystery , White Stripe","petite xx-large , petite medium , large , x-small , xx-large , petite small , petite x-small , petite large , x-large , small , petite x-large , medium","A study in refined simplicity, this Worthington rib tee delivers the kind of quiet luxury that elevates an entire wardrobe. Crafted from a sumptuous 2x2 rib with a silky, elegant hand, its rayon‑rich blend glides along the body with effortless fluidity—soft, sculpting, and incredibly flattering. The clean crew neckline and tailored short sleeves create a sleek, minimalist silhouette—think the perfect underpinning to sharp suiting, offering a smooth, refined base without bulk. Yet its elevated texture and impeccable fit also give it the presence to stand alone, transforming a foundational piece into a subtle statement. This is the tee for the woman who understands that true luxury whispers—never shouts.","Closure Type: Pullover Head | Fit: Regular Fit | Neckline: Crew Neck | Sleeve Length: Short Sleeve | Sleeve Style: Fitted Sleeve | Apparel Length: 22 Inches | Fiber Content: 61% Rayon, 33% Polyester, 6% Supplex Nylon | Fabric Description: Rib | Care: Machine Wash, Tumble Dry | Country of Origin: Imported",https://jcpenney.scene7.com/is/image/JCPenney/DP0413202613050141M | https://jcpenney.scene7.com/is/image/JCPenney/DP0413202613050246M | https://jcpenney.scene7.com/is/image/JCPenney/DP0413202613050351M
https://www.jcpenney.com/p/st-johns-bay-womens-tall-boat-neck-elbow-sleeve-t-shirt/ppr5008611847?pTmplType=regular&searchTerm=tshirt,St. John's Bay Womens Tall Boat Neck Elbow Sleeve T-Shirt,12.99,28.0,53.0,5.0,1,"Bold Blue , Black , Cabaret Red , Alaskan Blue , Dahlia Purple , Mint Crisp Stripe , Preppy Pink Stripe , Solar Power Yellow","medium tall , large tall , small tall , xx-large tall , x-large tall","This St. John's Bay women's tall t-shirt offers a functional design for your daily essentials. It features a regular fitness, boat neck, and 3/4 sleeves that provide a balanced and comfortable silhouette when worn with slim-fit jeans.","Closure Type: Pullover Head | Fit: Regular Fit | Neckline: Boat Neck | Sleeve Length: Elbow Sleeve | Sleeve Style: Cap Sleeve | Apparel Length: 27.5 Inches - Front | Fiber Content: 100% Cotton | Fabric Description: Rib Knit | Care: Machine Wash, Tumble Dry | Certifications And Listings: Oeko-Tex Standard 100 | Material: Cotton | Oeko-Tex Standard 100 Label: Kl020 178692 | Oeko-Tex Standard 100 Test Institute: Testex | Country of Origin: Imported",https://jcpenney.scene7.com/is/image/JCPenney/DP1029202509011130M | https://jcpenney.scene7.com/is/image/JCPenney/DP1029202509012174M | https://jcpenney.scene7.com/is/image/JCPenney/DP1029202509011653M
https://www.jcpenney.com/p/berne-lightweight-performance-big-and-tall-mens-crew-neck-short-sleeve-moisture-wicking-pocket-t-shirt/ppr5008216543?pTmplType=regular&searchTerm=tshirt,Berne Lightweight Performance Big and Tall Mens Crew Neck Short Sleeve Moisture Wicking Pocket T-Shirt,19.0,19.0,0%,2.6667,6,"Riptide , Light Gray , Deep Red , Gray , Black , Lichen , Red , Navy , Pine","6x-large , 6x-large tall , large tall , 2x-large tall , 4x-large tall , 5x-large , 3x-large tall , 4x-large , x-large tall , 5x-large tall , 3x-large","The berne performance short sleeve pocket tee is designed to provide you with utmost comfort. With its moisture-wicking technology, sweat dries quickly while its stain release feature keeps you looking fresh and new. The taped neck seam and tagless neck label also prevent chafing.","Features: Moisture Wicking | Closure Type: Pullover Head | Fit: Regular Fit | Industry: Construction | Neckline: Crew Neck | Pocket Types: 1 Chest Slip Pocket(s) | Sleeve Length: Short Sleeve | Fiber Content: 100% Cotton | Fabric Description: Knit | Care: Machine Wash, Line Dry | Country of Origin: Imported",https://jcpenney.scene7.com/is/image/JCPenney/DP0619202407203276M | https://jcpenney.scene7.com/is/image/JCPenney/DP0619202407203174M
https://www.jcpenney.com/p/alfred-dunner-al-fresco-womens-crew-neck-3-4-sleeve-layered-top/ppr5008551089?pTmplType=regular&searchTerm=tshirt,Alfred Dunner Al Fresco Womens Crew Neck 3/4 Sleeve Layered Top,44.62,59.5,25%,5.0,1,Yellow Multi,"petite medium , large , petite small , petite large , x-large , small , petite x-large , medium","This Alfred Dunner women's Al Fresco top adds a chic painterly floral pattern to your ensemble for an easy day to dinnertime outfit. Made from a soft stretch-knit, this pullover top has a removable necklace, a crew neck and 3/4 sleeves. Wear it with pants or jeans.","Included: 1 Necklace(s) | Features: Removable Necklace | Closure Type: Pullover Head | Fit: Regular Fit | Neckline: Crew Neck | Sleeve Length: 3/4 Sleeve | Apparel Length: 24.5 Inches | Fiber Content: 95% Polyester, 5% Spandex | Fabric Description: Knit | Care: Tumble Dry, Machine Wash | Country of Origin: Imported",https://jcpenney.scene7.com/is/image/JCPenney/DP1103202513155037M | https://jcpenney.scene7.com/is/image/JCPenney/DP1103202513155245M | https://jcpenney.scene7.com/is/image/JCPenney/DP1103202513154932M | https://jcpenney.scene7.com/is/image/JCPenney/DP1103202511445232M
https://www.jcpenney.com/p/st-johns-bay-super-soft-mens-crew-neck-short-sleeve-big-and-tall-t-shirt/ppr5008640988?pTmplType=regular&searchTerm=tshirt,St. John's Bay Super Soft Mens Crew Neck Short Sleeve Big and Tall T-Shirt,12.99,25.0,48.0,4.5733,382,"Cadmium Orange Htr , Maine Lobster , Geranium Pink , Maroon","6x-large , medium tall , 2x-large , large tall , 2x-large tall , 4x-large tall , 5x-large , 3x-large tall , 4x-large , x-large tall , 5x-large tall , 1x-large tall , 3x-large","This men's big and tall t-shirt from St. John's Bay is an everyday wardrobe staple to keep in rotation. Cut for a classic-fit, it's made from a soft, cotton-jersey with a crew neckline and short sleeves.","Closure Type: Pullover Head | Fit: Classic Fit | Neckline: Crew Neck | Sleeve Length: Short Sleeve | Fiber Content: 60% Cotton, 40% Polyester | Fabric Description: Jersey | Care: Tumble Dry, Machine Wash | Country of Origin: Imported",https://jcpenney.scene7.com/is/image/JCPenney/DP0204202611025296M | https://jcpenney.scene7.com/is/image/JCPenney/DP0204202611025505M | https://jcpenney.scene7.com/is/image/JCPenney/DP0204202611025401M
https://www.jcpenney.com/p/stylus-womens-mock-neck-short-sleeve-t-shirt/ppr5008597132?pTmplType=regular&searchTerm=tshirt,Stylus Womens Mock Neck Short Sleeve T-Shirt,27.99,40.0,30%,4.0,2,"Laurel Wreath , Black , Oatmeal Heather , Cedarwood","large , x-small , xx-large , x-large , small , medium","This Stylus women's mock neck tee gives you the ultimate sporty chic feel. Made from stretch-scuba, this pullover top has a sleek, minimal aesthetic with sculpted short sleeves. Wear it with shorts, jeans or jogger pants.","Closure Type: Pullover Head | Fit: Regular Fit | Neckline: Mock Neck | Sleeve Length: Short Sleeve | Sleeve Style: Drop-Shoulder Sleeve | Apparel Length: 24.75 Inches - Back, 23 Inches - Front | Fiber Content: 47% Modal, 46% Polyester, 7% Spandex | Fabric Description: Scuba | Care: Machine Wash, Tumble Dry | Material: Scuba | Country of Origin: Imported",https://jcpenney.scene7.com/is/image/JCPenney/DP1124202509050585M | https://jcpenney.scene7.com/is/image/JCPenney/DP1124202509050984M | https://jcpenney.scene7.com/is/image/JCPenney/DP1124202509051385M
https://www.jcpenney.com/p/mutual-weave-mens-crew-neck-short-sleeve-big-and-tall-t-shirt/ppr5008548681?pTmplType=regular&searchTerm=tshirt,mutual weave Mens Crew Neck Short Sleeve Big and Tall T-Shirt,11.99,25.0,52.0,4.3333,3,"Cafe Au Lait , Montana Green , Pacific Seafoam , Faded Denim , Tennyson Brown , Soho Green , Silver Fern , Black , Spice","6x-large , medium tall , 2x-large , large tall , 2x-large tall , 4x-large tall , 5x-large , 3x-large tall , 4x-large , x-large tall , 5x-large tall , 1x-large tall , 3x-large","Essential, versatile, and comfortable, this big and tall men's t-shirt from mutual weave will get along with everything in your casual wardrobe. Made from soft cotton-jersey, it has a crew neck, short sleeves, and a chest pocket. Wear it with everything from joggers to tailored pants.","Closure Type: Pullover Head | Fit: Classic Fit | Neckline: Crew Neck | Pocket Types: 1 Chest Slip Pocket(s) | Sleeve Length: Short Sleeve | Fiber Content: 100% Cotton | Fabric Description: Slubbed, Jersey | Care: Tumble Dry, Machine Wash | Country of Origin: Imported",https://jcpenney.scene7.com/is/image/JCPenney/DP1223202513075744M | https://jcpenney.scene7.com/is/image/JCPenney/DP1223202513075848M | https://jcpenney.scene7.com/is/image/JCPenney/DP1223202513075641M
https://www.jcpenney.com/p/st-johns-bay-super-soft-mens-v-neck-short-sleeve-quick-dry-big-and-tall-t-shirt/ppr5008392018?pTmplType=regular&searchTerm=tshirt,St. John's Bay Super Soft Mens V Neck Short Sleeve Quick Dry Big and Tall T-Shirt,12.99,25.0,48.0,4.7667,60,"Black , White , Signature Navy , Oatmeal Htr , Charcoal Htr","6x-large , medium tall , 2x-large , large tall , 2x-large tall , 4x-large tall , 5x-large , 3x-large tall , 4x-large , x-large tall , 5x-large tall , 1x-large tall , 3x-large","This St. John's Bay men's big and tall short-sleeve t-shirt makes casual style effortless. Made from a soft cotton-jersey blend with recycled fabric and quick-dry properties, this pullover v-neck tee has a comfortable regular-fit. Wear it with jeans and sneakers.","Features: Quick Dry, Moisture Wicking | Closure Type: Pullover Head | Fit: Classic Fit | Neckline: V Neck | Sleeve Length: Short Sleeve | Apparel Length: 29 Inches | Fiber Content: 60% Cotton, 40% Recycled Polyester | Fabric Description: Jersey | Care: Machine Wash, Tumble Dry | Country of Origin: Imported",https://jcpenney.scene7.com/is/image/JCPenney/DP1124202207172909M | https://jcpenney.scene7.com/is/image/JCPenney/DP0515202615114078M | https://jcpenney.scene7.com/is/image/JCPenney/DP0515202615113869M | https://jcpenney.scene7.com/is/image/JCPenney/DP0515202615113974M
https://www.jcpenney.com/p/alfred-dunner-natural-wonder-womens-crew-neck-3-4-sleeve-t-shirt/ppr5008595548?pTmplType=regular&searchTerm=tshirt,Alfred Dunner Natural Wonder Womens Crew Neck 3/4 Sleeve T-Shirt,52.12,69.5,25%,5.0,1,Multi,"petite medium , large , petite small , petite large , x-large , small , petite x-large , medium","This Alfred Dunner women's Natural Wonder t-shirt is the perfect chic dressy number for a summer vacation or drinks outing. Made from a cotton blend, this pullover tee has a crochet design with a crew neck, scalloped trims and semi-sheer sleeves. Wear it with pants or capris.","Fit: Regular Fit | Neckline: Crew Neck | Sleeve Length: 3/4 Sleeve | Apparel Length: 24.5 Inches | Fiber Content: 60% Cotton, 40% Acrylic | Care: Machine Wash, Tumble Dry | Country of Origin: Imported",https://jcpenney.scene7.com/is/image/JCPenney/DP0409202607160877M | https://jcpenney.scene7.com/is/image/JCPenney/DP0409202607160772M | https://jcpenney.scene7.com/is/image/JCPenney/DP0409202607160982M | https://jcpenney.scene7.com/is/image/JCPenney/DP0409202607161087M
